

--1
--CREATION
CREATE TABLE T7_BANK(
BANK_ID CHAR(3) constraint t7bks_id_pk primary key,
BANK_NAME VARCHAR2(100) constraint t7bks_name_nn not null,
SLA_TIME NUMBER(3) 
constraint t7s_time_nn not null
constraint t7s_time_min CHECK (sla_time>0),
BANK_CONTACT_NUMBER NUMBER(11) constraint t7bks_contact_number_nn not null,
BANK_MANAGER VARCHAR2(50) constraint t7bks_manager_nn not null
);

--INSERT
Insert into T7_BANK (BANK_ID,BANK_NAME,SLA_TIME,BANK_CONTACT_NUMBER,BANK_MANAGER) values ('NCB','National Cooperative Bank',22,26525775,'KHALID MOHAMMED DEEP ALKATTAB      ');
Insert into T7_BANK (BANK_ID,BANK_NAME,SLA_TIME,BANK_CONTACT_NUMBER,BANK_MANAGER) values ('NB1','National Cooperative Bank',22,26517332,'MAJED DHAFER SAAD ALBAHRI          ');
Insert into T7_BANK (BANK_ID,BANK_NAME,SLA_TIME,BANK_CONTACT_NUMBER,BANK_MANAGER) values ('NB2','National Cooperative Bank',22,26412196,'MAJED HASAN MOHAMMED ALTHABIT      ');
Insert into T7_BANK (BANK_ID,BANK_NAME,SLA_TIME,BANK_CONTACT_NUMBER,BANK_MANAGER) values ('ALR','AL Rayan Bank',16,555755401,'MAJED QASEM YAHYA ALI              ');
Insert into T7_BANK (BANK_ID,BANK_NAME,SLA_TIME,BANK_CONTACT_NUMBER,BANK_MANAGER) values ('AR2','AL Rayan Bank',16,555555833,'MANSOOR SHETAWI                    ');
Insert into T7_BANK (BANK_ID,BANK_NAME,SLA_TIME,BANK_CONTACT_NUMBER,BANK_MANAGER) values ('AR3','AL Rayan Bank',16,555008165,'MASHHOOR GEZA AID ALOTAIBI         ');
Insert into T7_BANK (BANK_ID,BANK_NAME,SLA_TIME,BANK_CONTACT_NUMBER,BANK_MANAGER) values ('ANB','ANB Bank',5,126520073,'MESHAL AHMED ABDULLAH ALBURYKAN    ');
Insert into T7_BANK (BANK_ID,BANK_NAME,SLA_TIME,BANK_CONTACT_NUMBER,BANK_MANAGER) values ('AB1','ANB Bank',5,126520073,'MNAWER SALIM MARZOQ ALANZI         ');
Insert into T7_BANK (BANK_ID,BANK_NAME,SLA_TIME,BANK_CONTACT_NUMBER,BANK_MANAGER) values ('AB2','ANB Bank',5,126520073,'MOHAMMAD ALI AQLAN                 ');
Insert into T7_BANK (BANK_ID,BANK_NAME,SLA_TIME,BANK_CONTACT_NUMBER,BANK_MANAGER) values ('AB3','ANB Bank',5,126520073,'MOHAMMAD BASAEED                   ');
Insert into T7_BANK (BANK_ID,BANK_NAME,SLA_TIME,BANK_CONTACT_NUMBER,BANK_MANAGER) values ('AB4','ANB Bank',5,25429219,'MOHAMMAD IBRAHIM YAHYA ATEEN       ');
Insert into T7_BANK (BANK_ID,BANK_NAME,SLA_TIME,BANK_CONTACT_NUMBER,BANK_MANAGER) values ('AB5','ANB Bank',5,35850967,'MOHAMMAD SALEH ALJEHANI            ');
Insert into T7_BANK (BANK_ID,BANK_NAME,SLA_TIME,BANK_CONTACT_NUMBER,BANK_MANAGER) values ('AB6','ANB Bank',5,63912661,'MOHAMMED ABDULLAH ALI              ');
Insert into T7_BANK (BANK_ID,BANK_NAME,SLA_TIME,BANK_CONTACT_NUMBER,BANK_MANAGER) values ('AB7','ANB Bank',5,63912661,'MOHAMMED ABDULLAH EISA             ');
Insert into T7_BANK (BANK_ID,BANK_NAME,SLA_TIME,BANK_CONTACT_NUMBER,BANK_MANAGER) values ('NB3','National Cooperative Bank',22,22874164,'MOHAMMED ABDULWAHAB FAHI MOHAMMED  ');
Insert into T7_BANK (BANK_ID,BANK_NAME,SLA_TIME,BANK_CONTACT_NUMBER,BANK_MANAGER) values ('NB4','National Cooperative Bank',22,26610768,'MOHAMMED ALI FAHAD ALGESUMY        ');
Insert into T7_BANK (BANK_ID,BANK_NAME,SLA_TIME,BANK_CONTACT_NUMBER,BANK_MANAGER) values ('NB5','National Cooperative Bank',22,928449,'MOHAMMED ALI SALH BALHARITH        ');
Insert into T7_BANK (BANK_ID,BANK_NAME,SLA_TIME,BANK_CONTACT_NUMBER,BANK_MANAGER) values ('AR4','AL Rayan Bank',16,53680222,'MOHAMMED BASHAWIH                  ');
Insert into T7_BANK (BANK_ID,BANK_NAME,SLA_TIME,BANK_CONTACT_NUMBER,BANK_MANAGER) values ('AR5','AL Rayan Bank',16,50338118,'MOHAMMED HILAL MOHAMMED ALQUDSI    ');
Insert into T7_BANK (BANK_ID,BANK_NAME,SLA_TIME,BANK_CONTACT_NUMBER,BANK_MANAGER) values ('AR6','AL Rayan Bank',16,556559261,'MOHAMMED HISHAM KOHAIL             ');
Insert into T7_BANK (BANK_ID,BANK_NAME,SLA_TIME,BANK_CONTACT_NUMBER,BANK_MANAGER) values ('AB8','ANB Bank',5,3790643,'MOHAMMED IBRAHIM ALSAIG            ');
Insert into T7_BANK (BANK_ID,BANK_NAME,SLA_TIME,BANK_CONTACT_NUMBER,BANK_MANAGER) values ('AB9','ANB Bank',5,26595215,'MOHAMMED OTHMAN ALKHAWAJA          ');
Insert into T7_BANK (BANK_ID,BANK_NAME,SLA_TIME,BANK_CONTACT_NUMBER,BANK_MANAGER) values ('A10','ANB Bank',5,26400896,'MOHAMMED SALEH AZZAM               ');
Insert into T7_BANK (BANK_ID,BANK_NAME,SLA_TIME,BANK_CONTACT_NUMBER,BANK_MANAGER) values ('A11','ANB Bank',5,26400896,'MOHAMMED SALI AKRA                 ');
Insert into T7_BANK (BANK_ID,BANK_NAME,SLA_TIME,BANK_CONTACT_NUMBER,BANK_MANAGER) values ('NB6','National Cooperative Bank',22,507006633,'MOHAMMED T. HAJA MOHAIDEEN         ');
Insert into T7_BANK (BANK_ID,BANK_NAME,SLA_TIME,BANK_CONTACT_NUMBER,BANK_MANAGER) values ('NB7','National Cooperative Bank',22,552149926,'MOHAMMED YASSIN ADAM ALSOMALI      ');
Insert into T7_BANK (BANK_ID,BANK_NAME,SLA_TIME,BANK_CONTACT_NUMBER,BANK_MANAGER) values ('NB8','National Cooperative Bank',22,552149926,'MOHSIN IBRAHIM KHALEEL JABAL       ');
Insert into T7_BANK (BANK_ID,BANK_NAME,SLA_TIME,BANK_CONTACT_NUMBER,BANK_MANAGER) values ('AR7','AL Rayan Bank',16,537498008,'MOSTAFA ALI GULID HERSI            ');
Insert into T7_BANK (BANK_ID,BANK_NAME,SLA_TIME,BANK_CONTACT_NUMBER,BANK_MANAGER) values ('AR8','AL Rayan Bank',16,537498008,'MOSTAFA SEDDIQ YAHYA AJEEBI        ');
Insert into T7_BANK (BANK_ID,BANK_NAME,SLA_TIME,BANK_CONTACT_NUMBER,BANK_MANAGER) values ('AR9','AL Rayan Bank',16,537498008,'MUHAMMAD NASIR SALEEM              ');



--2
--CREATE
CREATE TABLE T7_DEPARTMENT(
DEPARTMENT_ID CHAR(5) constraint t7dp_id_pk primary key,
DEPARTMENT_NAME VARCHAR2(100) constraint t7dp_name_nn not null,
DEPARTMENT_MANAGER VARCHAR2(50) constraint t7dp_manger_nn not null,
DP_CONTACT_NUMBER NUMBER(11) constraint t7dp_constact_number_nn not null,
DEPARTMENT_CATEGORY CHAR(10) constraint t7dp_category_nn not null
);

--INSERT
Insert into T7_DEPARTMENT (DEPARTMENT_ID,DEPARTMENT_NAME,DEPARTMENT_MANAGER,DP_CONTACT_NUMBER,DEPARTMENT_CATEGORY) values ('D4   ','Field Services','SAM COLLINS',8182886,'FS        ');
Insert into T7_DEPARTMENT (DEPARTMENT_ID,DEPARTMENT_NAME,DEPARTMENT_MANAGER,DP_CONTACT_NUMBER,DEPARTMENT_CATEGORY) values ('D1   ','Staging Department','WILSON MEER',8182888,'SD        ');
Insert into T7_DEPARTMENT (DEPARTMENT_ID,DEPARTMENT_NAME,DEPARTMENT_MANAGER,DP_CONTACT_NUMBER,DEPARTMENT_CATEGORY) values ('D2   ','Call Center','WILLIAM GILBERT',8182889,'CC        ');
Insert into T7_DEPARTMENT (DEPARTMENT_ID,DEPARTMENT_NAME,DEPARTMENT_MANAGER,DP_CONTACT_NUMBER,DEPARTMENT_CATEGORY) values ('D3   ','First Level Maintenance','JAMES MARSHALL',8182887,'FLM       ');

--3
--CREATE
CREATE TABLE T7_EMPLOYEE(
EMPLOYEE_ID NUMBER(10) constraint t7_emp_id_pk primary key,
DEPARTMENT_ID CHAR(5) constraint t7_dep_id_fk
references T7_DEPARTMENT(DEPARTMENT_ID),
EE_FIRST_NAME VARCHAR2(50) constraint t7_emp_Fname_nn not null,
EE_LAST_NAME VARCHAR2(50) constraint t7_emp_Lname_nn not null,
DATE_OF_HIRE DATE default sysdate constraint t7_emp_doh_nn not null,
SUPERVISOR_ID NUMBER(10) constraint t7_sup_id_fk
references T7_EMPLOYEE(EMPLOYEE_ID)
);

--INSERT
Insert into T7_EMPLOYEE (EMPLOYEE_ID,DEPARTMENT_ID,EE_FIRST_NAME,EE_LAST_NAME,DATE_OF_HIRE,SUPERVISOR_ID) values (400822,'D4   ','SAM','COLLINS',to_date('19-APR-11','DD-MON-RR'),null);
Insert into T7_EMPLOYEE (EMPLOYEE_ID,DEPARTMENT_ID,EE_FIRST_NAME,EE_LAST_NAME,DATE_OF_HIRE,SUPERVISOR_ID) values (400823,'D1   ','WILSON','MEER',to_date('18-JUN-11','DD-MON-RR'),null);
Insert into T7_EMPLOYEE (EMPLOYEE_ID,DEPARTMENT_ID,EE_FIRST_NAME,EE_LAST_NAME,DATE_OF_HIRE,SUPERVISOR_ID) values (400824,'D2   ','WILLIAM','GILBERT',to_date('17-NOV-11','DD-MON-RR'),null);
Insert into T7_EMPLOYEE (EMPLOYEE_ID,DEPARTMENT_ID,EE_FIRST_NAME,EE_LAST_NAME,DATE_OF_HIRE,SUPERVISOR_ID) values (400825,'D3   ','JAMES','MARSHALL',to_date('15-DEC-10','DD-MON-RR'),null);
Insert into T7_EMPLOYEE (EMPLOYEE_ID,DEPARTMENT_ID,EE_FIRST_NAME,EE_LAST_NAME,DATE_OF_HIRE,SUPERVISOR_ID) values (401388,'D3   ','ABDULLAH    ','MANZOOR',to_date('18-FEB-10','DD-MON-RR'),null);
Insert into T7_EMPLOYEE (EMPLOYEE_ID,DEPARTMENT_ID,EE_FIRST_NAME,EE_LAST_NAME,DATE_OF_HIRE,SUPERVISOR_ID) values (401447,'D1   ','ESSA                         ','ALI  ',to_date('19-FEB-10','DD-MON-RR'),401388);
Insert into T7_EMPLOYEE (EMPLOYEE_ID,DEPARTMENT_ID,EE_FIRST_NAME,EE_LAST_NAME,DATE_OF_HIRE,SUPERVISOR_ID) values (400832,'D1   ','HATEM      ','ALMAHLAWI',to_date('20-FEB-10','DD-MON-RR'),401388);
Insert into T7_EMPLOYEE (EMPLOYEE_ID,DEPARTMENT_ID,EE_FIRST_NAME,EE_LAST_NAME,DATE_OF_HIRE,SUPERVISOR_ID) values (400653,'D1   ','MUSA','HUSHAN',to_date('21-FEB-10','DD-MON-RR'),401388);
Insert into T7_EMPLOYEE (EMPLOYEE_ID,DEPARTMENT_ID,EE_FIRST_NAME,EE_LAST_NAME,DATE_OF_HIRE,SUPERVISOR_ID) values (401262,'D1   ','YOUSUF','SALEH',to_date('11-JUL-14','DD-MON-RR'),401388);
Insert into T7_EMPLOYEE (EMPLOYEE_ID,DEPARTMENT_ID,EE_FIRST_NAME,EE_LAST_NAME,DATE_OF_HIRE,SUPERVISOR_ID) values (400305,'D1   ','AHMAD   ','ALKAWAMLLAH   ',to_date('12-JUL-14','DD-MON-RR'),401388);
Insert into T7_EMPLOYEE (EMPLOYEE_ID,DEPARTMENT_ID,EE_FIRST_NAME,EE_LAST_NAME,DATE_OF_HIRE,SUPERVISOR_ID) values (401260,'D1   ','KHALID','ALHAZMI   ',to_date('13-JUL-14','DD-MON-RR'),401388);
Insert into T7_EMPLOYEE (EMPLOYEE_ID,DEPARTMENT_ID,EE_FIRST_NAME,EE_LAST_NAME,DATE_OF_HIRE,SUPERVISOR_ID) values (401274,'D1   ','ADNAN','BAWZEER        ',to_date('14-JUL-14','DD-MON-RR'),401388);
Insert into T7_EMPLOYEE (EMPLOYEE_ID,DEPARTMENT_ID,EE_FIRST_NAME,EE_LAST_NAME,DATE_OF_HIRE,SUPERVISOR_ID) values (401341,'D1   ','AMMAR','ALSOBHI          ',to_date('15-JUL-14','DD-MON-RR'),401388);
Insert into T7_EMPLOYEE (EMPLOYEE_ID,DEPARTMENT_ID,EE_FIRST_NAME,EE_LAST_NAME,DATE_OF_HIRE,SUPERVISOR_ID) values (401418,'D2   ','OSAMA','BOTABAI     ',to_date('16-JUL-14','DD-MON-RR'),401388);
Insert into T7_EMPLOYEE (EMPLOYEE_ID,DEPARTMENT_ID,EE_FIRST_NAME,EE_LAST_NAME,DATE_OF_HIRE,SUPERVISOR_ID) values (401462,'D2   ','JASSIM','ALSAIF       ',to_date('10-NOV-12','DD-MON-RR'),401418);
Insert into T7_EMPLOYEE (EMPLOYEE_ID,DEPARTMENT_ID,EE_FIRST_NAME,EE_LAST_NAME,DATE_OF_HIRE,SUPERVISOR_ID) values (401276,'D2   ','ABDULWAHAB','SOMALI     ',to_date('11-NOV-12','DD-MON-RR'),401418);
Insert into T7_EMPLOYEE (EMPLOYEE_ID,DEPARTMENT_ID,EE_FIRST_NAME,EE_LAST_NAME,DATE_OF_HIRE,SUPERVISOR_ID) values (401313,'D2   ','KHALID','ALSOMALI          ',to_date('12-NOV-12','DD-MON-RR'),401418);
Insert into T7_EMPLOYEE (EMPLOYEE_ID,DEPARTMENT_ID,EE_FIRST_NAME,EE_LAST_NAME,DATE_OF_HIRE,SUPERVISOR_ID) values (400318,'D2   ','AHMAD','ALHAMRANI              ',to_date('13-NOV-12','DD-MON-RR'),401418);
Insert into T7_EMPLOYEE (EMPLOYEE_ID,DEPARTMENT_ID,EE_FIRST_NAME,EE_LAST_NAME,DATE_OF_HIRE,SUPERVISOR_ID) values (401395,'D4   ','KHALID','ALZAHRANI ',to_date('14-NOV-12','DD-MON-RR'),401418);
Insert into T7_EMPLOYEE (EMPLOYEE_ID,DEPARTMENT_ID,EE_FIRST_NAME,EE_LAST_NAME,DATE_OF_HIRE,SUPERVISOR_ID) values (401310,'D4   ','YOUSUF  ','ALSAHAFI  ',to_date('15-NOV-12','DD-MON-RR'),401418);
Insert into T7_EMPLOYEE (EMPLOYEE_ID,DEPARTMENT_ID,EE_FIRST_NAME,EE_LAST_NAME,DATE_OF_HIRE,SUPERVISOR_ID) values (400606,'D4   ','EDRON      ','DEFENSOR                     ',to_date('16-NOV-12','DD-MON-RR'),401418);
Insert into T7_EMPLOYEE (EMPLOYEE_ID,DEPARTMENT_ID,EE_FIRST_NAME,EE_LAST_NAME,DATE_OF_HIRE,SUPERVISOR_ID) values (401416,'D4   ','AQEEL','AQRABI',to_date('19-DEC-09','DD-MON-RR'),401418);
Insert into T7_EMPLOYEE (EMPLOYEE_ID,DEPARTMENT_ID,EE_FIRST_NAME,EE_LAST_NAME,DATE_OF_HIRE,SUPERVISOR_ID) values (400508,'D4   ','SAEED','ALHAMRANI',to_date('20-DEC-09','DD-MON-RR'),401418);
Insert into T7_EMPLOYEE (EMPLOYEE_ID,DEPARTMENT_ID,EE_FIRST_NAME,EE_LAST_NAME,DATE_OF_HIRE,SUPERVISOR_ID) values (401151,'D4   ','HANI','ASIRI',to_date('21-DEC-09','DD-MON-RR'),401388);
Insert into T7_EMPLOYEE (EMPLOYEE_ID,DEPARTMENT_ID,EE_FIRST_NAME,EE_LAST_NAME,DATE_OF_HIRE,SUPERVISOR_ID) values (401489,'D4   ','ABDULMALIK','ABDULLAH',to_date('23-DEC-09','DD-MON-RR'),401151);
Insert into T7_EMPLOYEE (EMPLOYEE_ID,DEPARTMENT_ID,EE_FIRST_NAME,EE_LAST_NAME,DATE_OF_HIRE,SUPERVISOR_ID) values (401455,'D4   ','SALEH','ALSUBAI',to_date('24-DEC-09','DD-MON-RR'),401151);
Insert into T7_EMPLOYEE (EMPLOYEE_ID,DEPARTMENT_ID,EE_FIRST_NAME,EE_LAST_NAME,DATE_OF_HIRE,SUPERVISOR_ID) values (401111,'D4   ','ABDULLAH','ALSHEHRI',to_date('20-APR-11','DD-MON-RR'),401151);
Insert into T7_EMPLOYEE (EMPLOYEE_ID,DEPARTMENT_ID,EE_FIRST_NAME,EE_LAST_NAME,DATE_OF_HIRE,SUPERVISOR_ID) values (401471,'D4   ','TURKI','ALONIZE             ',to_date('21-APR-11','DD-MON-RR'),401151);
Insert into T7_EMPLOYEE (EMPLOYEE_ID,DEPARTMENT_ID,EE_FIRST_NAME,EE_LAST_NAME,DATE_OF_HIRE,SUPERVISOR_ID) values (401420,'D4   ','MOHSIN','JABAL',to_date('22-APR-11','DD-MON-RR'),401151);
Insert into T7_EMPLOYEE (EMPLOYEE_ID,DEPARTMENT_ID,EE_FIRST_NAME,EE_LAST_NAME,DATE_OF_HIRE,SUPERVISOR_ID) values (400821,'D4   ','QASSIM','HAKAMI',to_date('23-APR-11','DD-MON-RR'),401151);


--4
--CREATE
CREATE TABLE T7_MERCHANT(
MERCHANT_ID CHAR(3) not null,
MERCHANT_ADD VARCHAR2(100) not null,
MERCHANT_NAME VARCHAR2(50) constraint t7_mn_nn not null,
CONTACT_NUMBER NUMBER(11) constraint t7_mc_cn_nn not null,
CONSTRAINT t7_merc_pk PRIMARY KEY (MERCHANT_ID,MERCHANT_ADD)
);

--INSERT
Insert into T7_MERCHANT (MERCHANT_ID,MERCHANT_ADD,MERCHANT_NAME,CONTACT_NUMBER) values ('MS1','ALMAHMDYAH PLAZA              ','JSC2  ',8083332);
Insert into T7_MERCHANT (MERCHANT_ID,MERCHANT_ADD,MERCHANT_NAME,CONTACT_NUMBER) values ('MS1','HAIL STREET                   ','JSC2  ',8083333);
Insert into T7_MERCHANT (MERCHANT_ID,MERCHANT_ADD,MERCHANT_NAME,CONTACT_NUMBER) values ('MS2','KING KHALED ST.               ','SSC   ',8083334);
Insert into T7_MERCHANT (MERCHANT_ID,MERCHANT_ADD,MERCHANT_NAME,CONTACT_NUMBER) values ('MS3','MADENAH ST                    ','ASC   ',8083335);
Insert into T7_MERCHANT (MERCHANT_ID,MERCHANT_ADD,MERCHANT_NAME,CONTACT_NUMBER) values ('MS4','BALIL BIN RABAH ST            ','RSC   ',8083336);
Insert into T7_MERCHANT (MERCHANT_ID,MERCHANT_ADD,MERCHANT_NAME,CONTACT_NUMBER) values ('MS4','AL SHIF AREA 60th ST          ','RSC   ',8083337);
Insert into T7_MERCHANT (MERCHANT_ID,MERCHANT_ADD,MERCHANT_NAME,CONTACT_NUMBER) values ('MS5','P.SULTAN ST NEAR ANB          ','JSC   ',8083338);
Insert into T7_MERCHANT (MERCHANT_ID,MERCHANT_ADD,MERCHANT_NAME,CONTACT_NUMBER) values ('MS6','60 TH ST.                     ','KSC   ',8083339);
Insert into T7_MERCHANT (MERCHANT_ID,MERCHANT_ADD,MERCHANT_NAME,CONTACT_NUMBER) values ('MS7','ALEHSA OTHEEM MALL            ','USC   ',8083340);
Insert into T7_MERCHANT (MERCHANT_ID,MERCHANT_ADD,MERCHANT_NAME,CONTACT_NUMBER) values ('MS8','PUPLIC ST.                    ','QSC   ',8083341);
Insert into T7_MERCHANT (MERCHANT_ID,MERCHANT_ADD,MERCHANT_NAME,CONTACT_NUMBER) values ('MS5','AZIZ MALL                     ','JSC   ',8083342);
Insert into T7_MERCHANT (MERCHANT_ID,MERCHANT_ADD,MERCHANT_NAME,CONTACT_NUMBER) values ('MS5','SHOLA CENTER                  ','JSC   ',8083343);
Insert into T7_MERCHANT (MERCHANT_ID,MERCHANT_ADD,MERCHANT_NAME,CONTACT_NUMBER) values ('MS5','SARAFI MEGA MALL              ','JSC   ',8083344);
Insert into T7_MERCHANT (MERCHANT_ID,MERCHANT_ADD,MERCHANT_NAME,CONTACT_NUMBER) values ('MS9','MAIN MARKET                   ','WSC   ',8083345);
Insert into T7_MERCHANT (MERCHANT_ID,MERCHANT_ADD,MERCHANT_NAME,CONTACT_NUMBER) values ('M10','ALAAM ST                      ','ARSC  ',8083346);
Insert into T7_MERCHANT (MERCHANT_ID,MERCHANT_ADD,MERCHANT_NAME,CONTACT_NUMBER) values ('MS3','KING KHALED ST                ','ASC   ',8083347);
Insert into T7_MERCHANT (MERCHANT_ID,MERCHANT_ADD,MERCHANT_NAME,CONTACT_NUMBER) values ('MS5','HERAA AVENUE                  ','JSC   ',8083348);
Insert into T7_MERCHANT (MERCHANT_ID,MERCHANT_ADD,MERCHANT_NAME,CONTACT_NUMBER) values ('MS5','HERAA INTL. SOUK              ','JSC   ',8083349);
Insert into T7_MERCHANT (MERCHANT_ID,MERCHANT_ADD,MERCHANT_NAME,CONTACT_NUMBER) values ('MS1','AL JAMEA MALL                 ','JSC2  ',8083350);
Insert into T7_MERCHANT (MERCHANT_ID,MERCHANT_ADD,MERCHANT_NAME,CONTACT_NUMBER) values ('M11','TAKHASOSI STREET              ','RIYADH',8083351);
Insert into T7_MERCHANT (MERCHANT_ID,MERCHANT_ADD,MERCHANT_NAME,CONTACT_NUMBER) values ('M12','RIYADH MALL                   ','RIYADH',8083352);
Insert into T7_MERCHANT (MERCHANT_ID,MERCHANT_ADD,MERCHANT_NAME,CONTACT_NUMBER) values ('M13','ADDAS ST                      ','AHAD MASARHA',8083353);





--5
--CREATE
CREATE TABLE T7_TERMINAL(
TERMINAL_ID char(3) constraint t7_ter_tid_pk primary key,
BANK_ID CHAR(3) constraint t7_ter_bk_id_fk 
references T7_BANK(BANK_ID),
MERCHANT_ID CHAR(3) constraint t7_ter_mid_nn not null,
MERCHANT_ADD VARCHAR2(100) constraint t7_ter_madd_nn not null,
CONTACT_PERSON VARCHAR2(100) constraint t7_ter_cp_nn not null,
CONSTRAINT t7_ter_mc_id_add_fk FOREIGN KEY (MERCHANT_ID, MERCHANT_ADD) REFERENCES T7_MERCHANT(MERCHANT_ID, MERCHANT_ADD)
);

--INSERT
Insert into T7_TERMINAL (TERMINAL_ID,BANK_ID,MERCHANT_ID,MERCHANT_ADD,CONTACT_PERSON) values ('T1 ','NCB','MS1','ALMAHMDYAH PLAZA              ','TURKI AL ZAHRANI                   ');
Insert into T7_TERMINAL (TERMINAL_ID,BANK_ID,MERCHANT_ID,MERCHANT_ADD,CONTACT_PERSON) values ('T2 ','NB1','MS1','HAIL STREET                   ','TURKI AL ZAHRANI                   ');
Insert into T7_TERMINAL (TERMINAL_ID,BANK_ID,MERCHANT_ID,MERCHANT_ADD,CONTACT_PERSON) values ('T3 ','NB2','MS2','KING KHALED ST.               ','MOHAMMAD BASAEED                   ');
Insert into T7_TERMINAL (TERMINAL_ID,BANK_ID,MERCHANT_ID,MERCHANT_ADD,CONTACT_PERSON) values ('T4 ','ALR','MS3','MADENAH ST                    ','ALI ABDULRAHMAN ALI BAI            ');
Insert into T7_TERMINAL (TERMINAL_ID,BANK_ID,MERCHANT_ID,MERCHANT_ADD,CONTACT_PERSON) values ('T5 ','AR2','MS4','BALIL BIN RABAH ST            ','YOUSUF ABDULQADER OTHMAN ALSAHAFI  ');
Insert into T7_TERMINAL (TERMINAL_ID,BANK_ID,MERCHANT_ID,MERCHANT_ADD,CONTACT_PERSON) values ('T6 ','AR3','MS4','AL SHIF AREA 60th ST          ','YOUSUF ABDULQADER OTHMAN ALSAHAFI  ');
Insert into T7_TERMINAL (TERMINAL_ID,BANK_ID,MERCHANT_ID,MERCHANT_ADD,CONTACT_PERSON) values ('T7 ','ANB','MS5','P.SULTAN ST NEAR ANB          ','MOHAMMED ABDULLAH EISA             ');
Insert into T7_TERMINAL (TERMINAL_ID,BANK_ID,MERCHANT_ID,MERCHANT_ADD,CONTACT_PERSON) values ('T8 ','AB1','MS6','60 TH ST.                     ','ABDULLAH HAMAD ALSHAMARY           ');
Insert into T7_TERMINAL (TERMINAL_ID,BANK_ID,MERCHANT_ID,MERCHANT_ADD,CONTACT_PERSON) values ('T9 ','AB2','MS7','ALEHSA OTHEEM MALL            ','MAJED QASEM YAHYA ALI              ');
Insert into T7_TERMINAL (TERMINAL_ID,BANK_ID,MERCHANT_ID,MERCHANT_ADD,CONTACT_PERSON) values ('T10','AB3','MS8','PUPLIC ST.                    ','MNAWER SALIM MARZOQ ALANZI         ');
Insert into T7_TERMINAL (TERMINAL_ID,BANK_ID,MERCHANT_ID,MERCHANT_ADD,CONTACT_PERSON) values ('T11','AB4','MS5','AZIZ MALL                     ','MOHAMMED ABDULLAH EISA             ');
Insert into T7_TERMINAL (TERMINAL_ID,BANK_ID,MERCHANT_ID,MERCHANT_ADD,CONTACT_PERSON) values ('T12','AB5','MS5','SHOLA CENTER                  ','MOHAMMED ABDULLAH EISA             ');
Insert into T7_TERMINAL (TERMINAL_ID,BANK_ID,MERCHANT_ID,MERCHANT_ADD,CONTACT_PERSON) values ('T13','AB6','MS5','SARAFI MEGA MALL              ','MOHAMMED ABDULLAH EISA             ');
Insert into T7_TERMINAL (TERMINAL_ID,BANK_ID,MERCHANT_ID,MERCHANT_ADD,CONTACT_PERSON) values ('T14','AB7','MS9','MAIN MARKET                   ','AHMED ABDULLAH MUBARKI             ');
Insert into T7_TERMINAL (TERMINAL_ID,BANK_ID,MERCHANT_ID,MERCHANT_ADD,CONTACT_PERSON) values ('T15','NB3','M10','ALAAM ST                      ','AMJAD MOHAMMED ABU MARZOQ          ');
Insert into T7_TERMINAL (TERMINAL_ID,BANK_ID,MERCHANT_ID,MERCHANT_ADD,CONTACT_PERSON) values ('T16','NB4','MS3','KING KHALED ST                ','ALI ABDULRAHMAN ALI BAI            ');
Insert into T7_TERMINAL (TERMINAL_ID,BANK_ID,MERCHANT_ID,MERCHANT_ADD,CONTACT_PERSON) values ('T17','NB5','MS5','HERAA AVENUE                  ','MOHAMMED ABDULLAH EISA             ');
Insert into T7_TERMINAL (TERMINAL_ID,BANK_ID,MERCHANT_ID,MERCHANT_ADD,CONTACT_PERSON) values ('T18','AR4','MS5','HERAA INTL. SOUK              ','MOHAMMED ABDULLAH EISA             ');
Insert into T7_TERMINAL (TERMINAL_ID,BANK_ID,MERCHANT_ID,MERCHANT_ADD,CONTACT_PERSON) values ('T19','AR5','MS1','AL JAMEA MALL                 ','TURKI AL ZAHRANI                   ');
Insert into T7_TERMINAL (TERMINAL_ID,BANK_ID,MERCHANT_ID,MERCHANT_ADD,CONTACT_PERSON) values ('T20','AR6','M11','TAKHASOSI STREET              ','AHMED ZAKARIA ASSAWADI             ');
Insert into T7_TERMINAL (TERMINAL_ID,BANK_ID,MERCHANT_ID,MERCHANT_ADD,CONTACT_PERSON) values ('T21','AB8','M12','RIYADH MALL                   ','AHMED ABDULLAH MUBARKI             ');
Insert into T7_TERMINAL (TERMINAL_ID,BANK_ID,MERCHANT_ID,MERCHANT_ADD,CONTACT_PERSON) values ('T22','AB9','M13','ADDAS ST                      ','WALEED MOHAMMED MUBARAK SHAHBAL    ');
Insert into T7_TERMINAL (TERMINAL_ID,BANK_ID,MERCHANT_ID,MERCHANT_ADD,CONTACT_PERSON) values ('T23','A10','MS1','ALMAHMDYAH PLAZA              ','TURKI AL ZAHRANI                   ');
Insert into T7_TERMINAL (TERMINAL_ID,BANK_ID,MERCHANT_ID,MERCHANT_ADD,CONTACT_PERSON) values ('T24','A11','MS1','HAIL STREET                   ','TURKI AL ZAHRANI                   ');
Insert into T7_TERMINAL (TERMINAL_ID,BANK_ID,MERCHANT_ID,MERCHANT_ADD,CONTACT_PERSON) values ('T25','NB6','MS2','KING KHALED ST.               ','MOHAMMAD BASAEED                   ');
Insert into T7_TERMINAL (TERMINAL_ID,BANK_ID,MERCHANT_ID,MERCHANT_ADD,CONTACT_PERSON) values ('T26','NB7','MS3','MADENAH ST                    ','ALI ABDULRAHMAN ALI BAI            ');
Insert into T7_TERMINAL (TERMINAL_ID,BANK_ID,MERCHANT_ID,MERCHANT_ADD,CONTACT_PERSON) values ('T27','NB8','MS4','BALIL BIN RABAH ST            ','YOUSUF ABDULQADER OTHMAN ALSAHAFI  ');
Insert into T7_TERMINAL (TERMINAL_ID,BANK_ID,MERCHANT_ID,MERCHANT_ADD,CONTACT_PERSON) values ('T28','AR7','MS4','AL SHIF AREA 60th ST          ','YOUSUF ABDULQADER OTHMAN ALSAHAFI  ');
Insert into T7_TERMINAL (TERMINAL_ID,BANK_ID,MERCHANT_ID,MERCHANT_ADD,CONTACT_PERSON) values ('T29','AR8','MS5','P.SULTAN ST NEAR ANB          ','MOHAMMED ABDULLAH EISA             ');
Insert into T7_TERMINAL (TERMINAL_ID,BANK_ID,MERCHANT_ID,MERCHANT_ADD,CONTACT_PERSON) values ('T30','AR9','MS6','60 TH ST.                     ','ABDULLAH HAMAD ALSHAMARY           ');
Insert into T7_TERMINAL (TERMINAL_ID,BANK_ID,MERCHANT_ID,MERCHANT_ADD,CONTACT_PERSON) values ('T31','NCB','MS1','ALMAHMDYAH PLAZA              ','TURKI AL ZAHRANI                   ');
Insert into T7_TERMINAL (TERMINAL_ID,BANK_ID,MERCHANT_ID,MERCHANT_ADD,CONTACT_PERSON) values ('T32','NCB','MS2','KING KHALED ST.               ','MOHAMMAD BASAEED                   ');
Insert into T7_TERMINAL (TERMINAL_ID,BANK_ID,MERCHANT_ID,MERCHANT_ADD,CONTACT_PERSON) values ('T33','AR6','M11','TAKHASOSI STREET              ','AHMED ZAKARIA ASSAWADI             ');
Insert into T7_TERMINAL (TERMINAL_ID,BANK_ID,MERCHANT_ID,MERCHANT_ADD,CONTACT_PERSON) values ('T34','AR6','MS5','HERAA AVENUE                  ','MOHAMMED ABDULLAH EISA             ');
Insert into T7_TERMINAL (TERMINAL_ID,BANK_ID,MERCHANT_ID,MERCHANT_ADD,CONTACT_PERSON) values ('T35','AR6','MS5','HERAA INTL. SOUK              ','MOHAMMED ABDULLAH EISA             ');
Insert into T7_TERMINAL (TERMINAL_ID,BANK_ID,MERCHANT_ID,MERCHANT_ADD,CONTACT_PERSON) values ('T36','A10','MS1','ALMAHMDYAH PLAZA              ','TURKI AL ZAHRANI                   ');
Insert into T7_TERMINAL (TERMINAL_ID,BANK_ID,MERCHANT_ID,MERCHANT_ADD,CONTACT_PERSON) values ('T37','A10','MS2','KING KHALED ST.               ','MOHAMMAD BASAEED                   ');
Insert into T7_TERMINAL (TERMINAL_ID,BANK_ID,MERCHANT_ID,MERCHANT_ADD,CONTACT_PERSON) values ('T38','A10','M13','ADDAS ST                      ','WALEED MOHAMMED MUBARAK SHAHBAL    ');
Insert into T7_TERMINAL (TERMINAL_ID,BANK_ID,MERCHANT_ID,MERCHANT_ADD,CONTACT_PERSON) values ('T39','A10','MS4','AL SHIF AREA 60th ST          ','YOUSUF ABDULQADER OTHMAN ALSAHAFI  ');
Insert into T7_TERMINAL (TERMINAL_ID,BANK_ID,MERCHANT_ID,MERCHANT_ADD,CONTACT_PERSON) values ('T40','A10','M13','ADDAS ST                      ','WALEED MOHAMMED MUBARAK SHAHBAL    ');





--6
--CREATE
CREATE TABLE T7_WAREHOUSE(
WAREHOUSE_ID CHAR(5),
TERMINAL_PART_NO char(3),
QUANTITY NUMBER,
CONSTRAINT t7_wh_id_pk PRIMARY KEY (WAREHOUSE_ID,TERMINAL_PART_NO)
);

ALTER TABLE T7_WAREHOUSE
ADD CONSTRAINT t7_qty_positive check(quantity > -1);

--INSERT
Insert into T7_WAREHOUSE (WAREHOUSE_ID,TERMINAL_PART_NO,QUANTITY) values ('WH001','TP1',28);
Insert into T7_WAREHOUSE (WAREHOUSE_ID,TERMINAL_PART_NO,QUANTITY) values ('WH001','TP2',39);
Insert into T7_WAREHOUSE (WAREHOUSE_ID,TERMINAL_PART_NO,QUANTITY) values ('WH001','TP3',1);
Insert into T7_WAREHOUSE (WAREHOUSE_ID,TERMINAL_PART_NO,QUANTITY) values ('WH001','TP4',47);
Insert into T7_WAREHOUSE (WAREHOUSE_ID,TERMINAL_PART_NO,QUANTITY) values ('WH001','TP5',30);
Insert into T7_WAREHOUSE (WAREHOUSE_ID,TERMINAL_PART_NO,QUANTITY) values ('WH001','TP6',30);
Insert into T7_WAREHOUSE (WAREHOUSE_ID,TERMINAL_PART_NO,QUANTITY) values ('WH001','TP7',70);


--7
--CREATE
CREATE TABLE T7_STAGING_DEP(
DEPARTMENT_ID CHAR(5),
WAREHOUSE_ID CHAR(5),
TERMINAL_PART_NO char(3),
QUANTITY_IN_HAND NUMBER,
MINI_STOCK NUMBER,
MAX_STOCK NUMBER,
CONSTRAINT t7_sd_dep_fk FOREIGN KEY (DEPARTMENT_ID) REFERENCES T7_DEPARTMENT(DEPARTMENT_ID),
CONSTRAINT t7_sd_wh_fk FOREIGN KEY (WAREHOUSE_ID,TERMINAL_PART_NO) REFERENCES T7_WAREHOUSE(WAREHOUSE_ID,TERMINAL_PART_NO)
);

--INSERT
Insert into T7_STAGING_DEP (DEPARTMENT_ID,WAREHOUSE_ID,TERMINAL_PART_NO,QUANTITY_IN_HAND,MIN_STOCK,MAX_STOCK) values ('D1   ','WH001','TP1',28,30,60);
Insert into T7_STAGING_DEP (DEPARTMENT_ID,WAREHOUSE_ID,TERMINAL_PART_NO,QUANTITY_IN_HAND,MIN_STOCK,MAX_STOCK) values ('D1   ','WH001','TP2',39,30,60);
Insert into T7_STAGING_DEP (DEPARTMENT_ID,WAREHOUSE_ID,TERMINAL_PART_NO,QUANTITY_IN_HAND,MIN_STOCK,MAX_STOCK) values ('D1   ','WH001','TP3',47,30,60);
Insert into T7_STAGING_DEP (DEPARTMENT_ID,WAREHOUSE_ID,TERMINAL_PART_NO,QUANTITY_IN_HAND,MIN_STOCK,MAX_STOCK) values ('D1   ','WH001','TP4',15,30,60);
Insert into T7_STAGING_DEP (DEPARTMENT_ID,WAREHOUSE_ID,TERMINAL_PART_NO,QUANTITY_IN_HAND,MIN_STOCK,MAX_STOCK) values ('D1   ','WH001','TP5',5,30,60);
Insert into T7_STAGING_DEP (DEPARTMENT_ID,WAREHOUSE_ID,TERMINAL_PART_NO,QUANTITY_IN_HAND,MIN_STOCK,MAX_STOCK) values ('D1   ','WH001','TP6',30,30,60);
Insert into T7_STAGING_DEP (DEPARTMENT_ID,WAREHOUSE_ID,TERMINAL_PART_NO,QUANTITY_IN_HAND,MIN_STOCK,MAX_STOCK) values ('D1   ','WH001','TP7',70,30,60);



--8
--CREATE
CREATE TABLE T7_SERVICE_ORDER(
SERVICE_ORDER_ID CHAR(10) constraint t7_so_id_pk primary key,
BANK_ID CHAR(3) constraint t7_so_bk_id_pk 
references T7_BANK(BANK_ID),
TERMINAL_ID char(3) constraint t7_so_tid_fk 
references T7_TERMINAL(TERMINAL_ID),
SERVICE_ORDER_CREATION_TIME timestamp,
SERVICE_ORDER_RESOLUTION_TIME timestamp,
FLM_COMMENTS VARCHAR2(100),
CALL_CENTER_COMMENTS VARCHAR2(100),
ENGINEER_COMMENTS VARCHAR2(100),
SERVICE_ORDER_STATUS VARCHAR2(100) constraint t7_sOrder_sos_nn not null
);

--INSERT

Insert into T7_SERVICE_ORDER (SERVICE_ORDER_ID,BANK_ID,TERMINAL_ID,SERVICE_ORDER_CREATION_TIME,SERVICE_ORDER_RESOLUTION_TIME,FLM_COMMENTS,CALL_CENTER_COMMENTS,ENGINEER_COMMENTS,SERVICE_ORDER_STATUS) values ('SOID0001  ','NCB','T1 ',to_timestamp('01-NOV-16 07.10.09.000000000 AM','DD-MON-RR HH.MI.SSXFF AM'),null,null,'POS-TERMINAL PROBLEM                 ',null,'Open');
Insert into T7_SERVICE_ORDER (SERVICE_ORDER_ID,BANK_ID,TERMINAL_ID,SERVICE_ORDER_CREATION_TIME,SERVICE_ORDER_RESOLUTION_TIME,FLM_COMMENTS,CALL_CENTER_COMMENTS,ENGINEER_COMMENTS,SERVICE_ORDER_STATUS) values ('SOID0002  ','NB1','T2 ',to_timestamp('01-NOV-16 07.10.30.000000000 AM','DD-MON-RR HH.MI.SSXFF AM'),null,null,'POS-TERMINAL PROBLEM                 ',null,'Open');
Insert into T7_SERVICE_ORDER (SERVICE_ORDER_ID,BANK_ID,TERMINAL_ID,SERVICE_ORDER_CREATION_TIME,SERVICE_ORDER_RESOLUTION_TIME,FLM_COMMENTS,CALL_CENTER_COMMENTS,ENGINEER_COMMENTS,SERVICE_ORDER_STATUS) values ('SOID0003  ','NB2','T3 ',to_timestamp('01-NOV-16 07.11.05.000000000 AM','DD-MON-RR HH.MI.SSXFF AM'),null,null,'POS-TERMINAL PROBLEM                 ',null,'Open');
Insert into T7_SERVICE_ORDER (SERVICE_ORDER_ID,BANK_ID,TERMINAL_ID,SERVICE_ORDER_CREATION_TIME,SERVICE_ORDER_RESOLUTION_TIME,FLM_COMMENTS,CALL_CENTER_COMMENTS,ENGINEER_COMMENTS,SERVICE_ORDER_STATUS) values ('SOID0004  ','ALR','T4 ',to_timestamp('02-NOV-16 07.10.09.000000000 AM','DD-MON-RR HH.MI.SSXFF AM'),null,null,'POS-TERMINAL PROBLEM                 ',null,'Open');
Insert into T7_SERVICE_ORDER (SERVICE_ORDER_ID,BANK_ID,TERMINAL_ID,SERVICE_ORDER_CREATION_TIME,SERVICE_ORDER_RESOLUTION_TIME,FLM_COMMENTS,CALL_CENTER_COMMENTS,ENGINEER_COMMENTS,SERVICE_ORDER_STATUS) values ('SOID0005  ','AR2','T5 ',to_timestamp('02-NOV-16 07.10.30.000000000 AM','DD-MON-RR HH.MI.SSXFF AM'),to_timestamp('02-NOV-16 11.45.09.000000000 PM','DD-MON-RR HH.MI.SSXFF AM'),null,'POS-TERMINAL PROBLEM                 ','RESET TERMINAL AND TESTED OK','Closed');
Insert into T7_SERVICE_ORDER (SERVICE_ORDER_ID,BANK_ID,TERMINAL_ID,SERVICE_ORDER_CREATION_TIME,SERVICE_ORDER_RESOLUTION_TIME,FLM_COMMENTS,CALL_CENTER_COMMENTS,ENGINEER_COMMENTS,SERVICE_ORDER_STATUS) values ('SOID0006  ','AR3','T6 ',to_timestamp('02-NOV-16 07.11.05.000000000 AM','DD-MON-RR HH.MI.SSXFF AM'),to_timestamp('03-NOV-16 03.05.09.000000000 PM','DD-MON-RR HH.MI.SSXFF AM'),null,'POS-PRINTER PROBLEM                 ','REPLACED PRINTER AND TESTED OK','Closed');
Insert into T7_SERVICE_ORDER (SERVICE_ORDER_ID,BANK_ID,TERMINAL_ID,SERVICE_ORDER_CREATION_TIME,SERVICE_ORDER_RESOLUTION_TIME,FLM_COMMENTS,CALL_CENTER_COMMENTS,ENGINEER_COMMENTS,SERVICE_ORDER_STATUS) values ('SOID0007  ','ANB','T7 ',to_timestamp('03-NOV-16 07.10.09.000000000 AM','DD-MON-RR HH.MI.SSXFF AM'),to_timestamp('04-NOV-16 08.05.09.000000000 PM','DD-MON-RR HH.MI.SSXFF AM'),null,'POS-TERMINAL PROBLEM                 ','RESET TERMINAL AND TESTED OK','Closed');
Insert into T7_SERVICE_ORDER (SERVICE_ORDER_ID,BANK_ID,TERMINAL_ID,SERVICE_ORDER_CREATION_TIME,SERVICE_ORDER_RESOLUTION_TIME,FLM_COMMENTS,CALL_CENTER_COMMENTS,ENGINEER_COMMENTS,SERVICE_ORDER_STATUS) values ('SOID0008  ','AB1','T8 ',to_timestamp('03-NOV-16 07.10.30.000000000 AM','DD-MON-RR HH.MI.SSXFF AM'),to_timestamp('03-NOV-16 11.45.09.000000000 AM','DD-MON-RR HH.MI.SSXFF AM'),null,'POS-TERMINAL PROBLEM                 ','RESET TERMINAL AND TESTED OK','Closed');
Insert into T7_SERVICE_ORDER (SERVICE_ORDER_ID,BANK_ID,TERMINAL_ID,SERVICE_ORDER_CREATION_TIME,SERVICE_ORDER_RESOLUTION_TIME,FLM_COMMENTS,CALL_CENTER_COMMENTS,ENGINEER_COMMENTS,SERVICE_ORDER_STATUS) values ('SOID0009  ','AB2','T9 ',to_timestamp('03-NOV-16 07.11.05.000000000 AM','DD-MON-RR HH.MI.SSXFF AM'),to_timestamp('03-NOV-16 03.05.09.000000000 PM','DD-MON-RR HH.MI.SSXFF AM'),null,'POS-TERMINAL PROBLEM                 ','RESET TERMINAL AND TESTED OK','Closed');
Insert into T7_SERVICE_ORDER (SERVICE_ORDER_ID,BANK_ID,TERMINAL_ID,SERVICE_ORDER_CREATION_TIME,SERVICE_ORDER_RESOLUTION_TIME,FLM_COMMENTS,CALL_CENTER_COMMENTS,ENGINEER_COMMENTS,SERVICE_ORDER_STATUS) values ('SOID0010  ','AB3','T10',to_timestamp('04-NOV-16 07.10.09.000000000 AM','DD-MON-RR HH.MI.SSXFF AM'),to_timestamp('04-NOV-16 08.05.09.000000000 PM','DD-MON-RR HH.MI.SSXFF AM'),null,'POS-TERMINAL PROBLEM                 ','RESET TERMINAL AND TESTED OK','Closed');
Insert into T7_SERVICE_ORDER (SERVICE_ORDER_ID,BANK_ID,TERMINAL_ID,SERVICE_ORDER_CREATION_TIME,SERVICE_ORDER_RESOLUTION_TIME,FLM_COMMENTS,CALL_CENTER_COMMENTS,ENGINEER_COMMENTS,SERVICE_ORDER_STATUS) values ('SOID0011  ','AB4','T11',to_timestamp('04-NOV-16 07.10.30.000000000 AM','DD-MON-RR HH.MI.SSXFF AM'),to_timestamp('04-NOV-16 11.45.09.000000000 PM','DD-MON-RR HH.MI.SSXFF AM'),null,'POS-TERMINAL PROBLEM                 ','RESET TERMINAL AND TESTED OK','Closed');
Insert into T7_SERVICE_ORDER (SERVICE_ORDER_ID,BANK_ID,TERMINAL_ID,SERVICE_ORDER_CREATION_TIME,SERVICE_ORDER_RESOLUTION_TIME,FLM_COMMENTS,CALL_CENTER_COMMENTS,ENGINEER_COMMENTS,SERVICE_ORDER_STATUS) values ('SOID0012  ','AB5','T12',to_timestamp('04-NOV-16 07.11.05.000000000 AM','DD-MON-RR HH.MI.SSXFF AM'),to_timestamp('04-NOV-16 03.05.09.000000000 PM','DD-MON-RR HH.MI.SSXFF AM'),null,'POS-TERMINAL PROBLEM                 ','RESET TERMINAL AND TESTED OK','Closed');
Insert into T7_SERVICE_ORDER (SERVICE_ORDER_ID,BANK_ID,TERMINAL_ID,SERVICE_ORDER_CREATION_TIME,SERVICE_ORDER_RESOLUTION_TIME,FLM_COMMENTS,CALL_CENTER_COMMENTS,ENGINEER_COMMENTS,SERVICE_ORDER_STATUS) values ('SOID0013  ','AB6','T13',to_timestamp('05-NOV-16 07.10.09.000000000 AM','DD-MON-RR HH.MI.SSXFF AM'),null,null,'POS-PRINTER PROBLEM                 ',null,'Open');
Insert into T7_SERVICE_ORDER (SERVICE_ORDER_ID,BANK_ID,TERMINAL_ID,SERVICE_ORDER_CREATION_TIME,SERVICE_ORDER_RESOLUTION_TIME,FLM_COMMENTS,CALL_CENTER_COMMENTS,ENGINEER_COMMENTS,SERVICE_ORDER_STATUS) values ('SOID0014  ','AB7','T14',to_timestamp('05-NOV-16 07.10.30.000000000 AM','DD-MON-RR HH.MI.SSXFF AM'),null,null,'POS-TERMINAL PROBLEM                 ',null,'Open');
Insert into T7_SERVICE_ORDER (SERVICE_ORDER_ID,BANK_ID,TERMINAL_ID,SERVICE_ORDER_CREATION_TIME,SERVICE_ORDER_RESOLUTION_TIME,FLM_COMMENTS,CALL_CENTER_COMMENTS,ENGINEER_COMMENTS,SERVICE_ORDER_STATUS) values ('SOID0015  ','NB3','T15',to_timestamp('05-NOV-16 07.11.05.000000000 AM','DD-MON-RR HH.MI.SSXFF AM'),null,null,'POS-TERMINAL PROBLEM                 ',null,'Open');
Insert into T7_SERVICE_ORDER (SERVICE_ORDER_ID,BANK_ID,TERMINAL_ID,SERVICE_ORDER_CREATION_TIME,SERVICE_ORDER_RESOLUTION_TIME,FLM_COMMENTS,CALL_CENTER_COMMENTS,ENGINEER_COMMENTS,SERVICE_ORDER_STATUS) values ('SOID0016  ','NB4','T16',to_timestamp('06-NOV-16 07.10.09.000000000 AM','DD-MON-RR HH.MI.SSXFF AM'),null,null,'POS-TERMINAL PROBLEM                 ',null,'Open');
Insert into T7_SERVICE_ORDER (SERVICE_ORDER_ID,BANK_ID,TERMINAL_ID,SERVICE_ORDER_CREATION_TIME,SERVICE_ORDER_RESOLUTION_TIME,FLM_COMMENTS,CALL_CENTER_COMMENTS,ENGINEER_COMMENTS,SERVICE_ORDER_STATUS) values ('SOID0017  ','NB5','T17',to_timestamp('06-NOV-16 07.10.30.000000000 AM','DD-MON-RR HH.MI.SSXFF AM'),null,null,'POS-TERMINAL PROBLEM                 ',null,'Open');
Insert into T7_SERVICE_ORDER (SERVICE_ORDER_ID,BANK_ID,TERMINAL_ID,SERVICE_ORDER_CREATION_TIME,SERVICE_ORDER_RESOLUTION_TIME,FLM_COMMENTS,CALL_CENTER_COMMENTS,ENGINEER_COMMENTS,SERVICE_ORDER_STATUS) values ('SOID0018  ','AR4','T18',to_timestamp('06-NOV-16 07.11.05.000000000 AM','DD-MON-RR HH.MI.SSXFF AM'),to_timestamp('06-NOV-16 03.05.09.000000000 PM','DD-MON-RR HH.MI.SSXFF AM'),null,'POS-PRINTER PROBLEM                 ','REPLACED TERMINAL AND TESTED OK','Closed');
Insert into T7_SERVICE_ORDER (SERVICE_ORDER_ID,BANK_ID,TERMINAL_ID,SERVICE_ORDER_CREATION_TIME,SERVICE_ORDER_RESOLUTION_TIME,FLM_COMMENTS,CALL_CENTER_COMMENTS,ENGINEER_COMMENTS,SERVICE_ORDER_STATUS) values ('SOID0019  ','AR5','T19',to_timestamp('07-NOV-16 07.10.09.000000000 AM','DD-MON-RR HH.MI.SSXFF AM'),to_timestamp('08-NOV-16 08.05.09.000000000 AM','DD-MON-RR HH.MI.SSXFF AM'),null,'POS-TERMINAL PROBLEM                 ','RESET TERMINAL AND TESTED OK','Closed');
Insert into T7_SERVICE_ORDER (SERVICE_ORDER_ID,BANK_ID,TERMINAL_ID,SERVICE_ORDER_CREATION_TIME,SERVICE_ORDER_RESOLUTION_TIME,FLM_COMMENTS,CALL_CENTER_COMMENTS,ENGINEER_COMMENTS,SERVICE_ORDER_STATUS) values ('SOID0020  ','AR6','T20',to_timestamp('07-NOV-16 07.10.30.000000000 AM','DD-MON-RR HH.MI.SSXFF AM'),to_timestamp('08-NOV-16 11.45.09.000000000 PM','DD-MON-RR HH.MI.SSXFF AM'),null,'POS-TERMINAL PROBLEM                 ','RESET TERMINAL AND TESTED OK','Closed');
Insert into T7_SERVICE_ORDER (SERVICE_ORDER_ID,BANK_ID,TERMINAL_ID,SERVICE_ORDER_CREATION_TIME,SERVICE_ORDER_RESOLUTION_TIME,FLM_COMMENTS,CALL_CENTER_COMMENTS,ENGINEER_COMMENTS,SERVICE_ORDER_STATUS) values ('SOID0021  ','AB8','T21',to_timestamp('07-NOV-16 07.11.05.000000000 AM','DD-MON-RR HH.MI.SSXFF AM'),to_timestamp('07-NOV-16 03.05.09.000000000 PM','DD-MON-RR HH.MI.SSXFF AM'),null,'POS-TERMINAL PROBLEM                 ','RESET TERMINAL AND TESTED OK','Closed');
Insert into T7_SERVICE_ORDER (SERVICE_ORDER_ID,BANK_ID,TERMINAL_ID,SERVICE_ORDER_CREATION_TIME,SERVICE_ORDER_RESOLUTION_TIME,FLM_COMMENTS,CALL_CENTER_COMMENTS,ENGINEER_COMMENTS,SERVICE_ORDER_STATUS) values ('SOID0022  ','AB9','T22',to_timestamp('08-NOV-16 07.10.09.000000000 AM','DD-MON-RR HH.MI.SSXFF AM'),to_timestamp('09-NOV-16 08.05.09.000000000 PM','DD-MON-RR HH.MI.SSXFF AM'),null,'POS-TERMINAL PROBLEM                 ','RESET TERMINAL AND TESTED OK','Closed');
Insert into T7_SERVICE_ORDER (SERVICE_ORDER_ID,BANK_ID,TERMINAL_ID,SERVICE_ORDER_CREATION_TIME,SERVICE_ORDER_RESOLUTION_TIME,FLM_COMMENTS,CALL_CENTER_COMMENTS,ENGINEER_COMMENTS,SERVICE_ORDER_STATUS) values ('SOID0023  ','A10','T23',to_timestamp('08-NOV-16 07.10.30.000000000 AM','DD-MON-RR HH.MI.SSXFF AM'),to_timestamp('09-NOV-16 11.45.09.000000000 AM','DD-MON-RR HH.MI.SSXFF AM'),null,'POS-TERMINAL PROBLEM                 ','RESET TERMINAL AND TESTED OK','Closed');
Insert into T7_SERVICE_ORDER (SERVICE_ORDER_ID,BANK_ID,TERMINAL_ID,SERVICE_ORDER_CREATION_TIME,SERVICE_ORDER_RESOLUTION_TIME,FLM_COMMENTS,CALL_CENTER_COMMENTS,ENGINEER_COMMENTS,SERVICE_ORDER_STATUS) values ('SOID0024  ','A11','T24',to_timestamp('08-NOV-16 07.11.05.000000000 AM','DD-MON-RR HH.MI.SSXFF AM'),to_timestamp('08-NOV-16 03.05.09.000000000 PM','DD-MON-RR HH.MI.SSXFF AM'),null,'POS-TERMINAL PROBLEM                 ','RESET TERMINAL AND TESTED OK','Closed');
Insert into T7_SERVICE_ORDER (SERVICE_ORDER_ID,BANK_ID,TERMINAL_ID,SERVICE_ORDER_CREATION_TIME,SERVICE_ORDER_RESOLUTION_TIME,FLM_COMMENTS,CALL_CENTER_COMMENTS,ENGINEER_COMMENTS,SERVICE_ORDER_STATUS) values ('SOID0025  ','NB6','T25',to_timestamp('09-NOV-16 07.10.09.000000000 AM','DD-MON-RR HH.MI.SSXFF AM'),to_timestamp('10-NOV-16 08.05.09.000000000 AM','DD-MON-RR HH.MI.SSXFF AM'),null,'POS-TERMINAL PROBLEM                 ','RESET TERMINAL AND TESTED OK','Closed');
Insert into T7_SERVICE_ORDER (SERVICE_ORDER_ID,BANK_ID,TERMINAL_ID,SERVICE_ORDER_CREATION_TIME,SERVICE_ORDER_RESOLUTION_TIME,FLM_COMMENTS,CALL_CENTER_COMMENTS,ENGINEER_COMMENTS,SERVICE_ORDER_STATUS) values ('SOID0026  ','NB7','T26',to_timestamp('09-NOV-16 07.10.30.000000000 AM','DD-MON-RR HH.MI.SSXFF AM'),to_timestamp('10-NOV-16 11.45.09.000000000 AM','DD-MON-RR HH.MI.SSXFF AM'),null,'POS-TERMINAL PROBLEM                 ','RESET TERMINAL AND TESTED OK','Closed');
Insert into T7_SERVICE_ORDER (SERVICE_ORDER_ID,BANK_ID,TERMINAL_ID,SERVICE_ORDER_CREATION_TIME,SERVICE_ORDER_RESOLUTION_TIME,FLM_COMMENTS,CALL_CENTER_COMMENTS,ENGINEER_COMMENTS,SERVICE_ORDER_STATUS) values ('SOID0027  ','NB8','T27',to_timestamp('09-NOV-16 07.11.05.000000000 AM','DD-MON-RR HH.MI.SSXFF AM'),to_timestamp('09-NOV-16 03.05.09.000000000 PM','DD-MON-RR HH.MI.SSXFF AM'),null,'POS-PRINTER PROBLEM                 ','RESET TERMINAL AND TESTED OK','Closed');
Insert into T7_SERVICE_ORDER (SERVICE_ORDER_ID,BANK_ID,TERMINAL_ID,SERVICE_ORDER_CREATION_TIME,SERVICE_ORDER_RESOLUTION_TIME,FLM_COMMENTS,CALL_CENTER_COMMENTS,ENGINEER_COMMENTS,SERVICE_ORDER_STATUS) values ('SOID0028  ','AR7','T28',to_timestamp('10-NOV-16 07.10.09.000000000 AM','DD-MON-RR HH.MI.SSXFF AM'),to_timestamp('11-NOV-16 08.05.09.000000000 AM','DD-MON-RR HH.MI.SSXFF AM'),null,'POS-TERMINAL PROBLEM                 ','REPLACED TERMINAL AND TESTED OK','Closed');
Insert into T7_SERVICE_ORDER (SERVICE_ORDER_ID,BANK_ID,TERMINAL_ID,SERVICE_ORDER_CREATION_TIME,SERVICE_ORDER_RESOLUTION_TIME,FLM_COMMENTS,CALL_CENTER_COMMENTS,ENGINEER_COMMENTS,SERVICE_ORDER_STATUS) values ('SOID0029  ','AR8','T29',to_timestamp('10-NOV-16 07.10.30.000000000 AM','DD-MON-RR HH.MI.SSXFF AM'),to_timestamp('11-NOV-16 11.45.09.000000000 AM','DD-MON-RR HH.MI.SSXFF AM'),null,'POS-TERMINAL PROBLEM                 ','REPLACED TERMINAL AND TESTED OK','Closed');
Insert into T7_SERVICE_ORDER (SERVICE_ORDER_ID,BANK_ID,TERMINAL_ID,SERVICE_ORDER_CREATION_TIME,SERVICE_ORDER_RESOLUTION_TIME,FLM_COMMENTS,CALL_CENTER_COMMENTS,ENGINEER_COMMENTS,SERVICE_ORDER_STATUS) values ('SOID0030  ','AR9','T30',to_timestamp('10-NOV-16 07.11.05.000000000 AM','DD-MON-RR HH.MI.SSXFF AM'),to_timestamp('10-NOV-16 03.05.09.000000000 PM','DD-MON-RR HH.MI.SSXFF AM'),null,'POS-TERMINAL PROBLEM                 ','REPLACED TERMINAL AND TESTED OK','Closed');
Insert into T7_SERVICE_ORDER (SERVICE_ORDER_ID,BANK_ID,TERMINAL_ID,SERVICE_ORDER_CREATION_TIME,SERVICE_ORDER_RESOLUTION_TIME,FLM_COMMENTS,CALL_CENTER_COMMENTS,ENGINEER_COMMENTS,SERVICE_ORDER_STATUS) values ('SOID0031  ','NCB','T31',to_timestamp('11-NOV-16 07.10.09.000000000 AM','DD-MON-RR HH.MI.SSXFF AM'),to_timestamp('12-NOV-16 08.05.09.000000000 AM','DD-MON-RR HH.MI.SSXFF AM'),null,'POS-PRINTER PROBLEM                 ','REPLACED PRINTER AND TESTED OK','Closed');
Insert into T7_SERVICE_ORDER (SERVICE_ORDER_ID,BANK_ID,TERMINAL_ID,SERVICE_ORDER_CREATION_TIME,SERVICE_ORDER_RESOLUTION_TIME,FLM_COMMENTS,CALL_CENTER_COMMENTS,ENGINEER_COMMENTS,SERVICE_ORDER_STATUS) values ('SOID0032  ','NCB','T32',to_timestamp('11-NOV-16 07.10.30.000000000 AM','DD-MON-RR HH.MI.SSXFF AM'),to_timestamp('12-NOV-16 11.45.09.000000000 AM','DD-MON-RR HH.MI.SSXFF AM'),null,'POS-TERMINAL PROBLEM                 ','RESET TERMINAL AND TESTED OK','Closed');
Insert into T7_SERVICE_ORDER (SERVICE_ORDER_ID,BANK_ID,TERMINAL_ID,SERVICE_ORDER_CREATION_TIME,SERVICE_ORDER_RESOLUTION_TIME,FLM_COMMENTS,CALL_CENTER_COMMENTS,ENGINEER_COMMENTS,SERVICE_ORDER_STATUS) values ('SOID0033  ','AR6','T33',to_timestamp('11-NOV-16 07.11.05.000000000 AM','DD-MON-RR HH.MI.SSXFF AM'),to_timestamp('11-NOV-16 03.05.09.000000000 PM','DD-MON-RR HH.MI.SSXFF AM'),null,'POS-TERMINAL PROBLEM                 ','REPLACED TERMINAL AND TESTED OK','Closed');
Insert into T7_SERVICE_ORDER (SERVICE_ORDER_ID,BANK_ID,TERMINAL_ID,SERVICE_ORDER_CREATION_TIME,SERVICE_ORDER_RESOLUTION_TIME,FLM_COMMENTS,CALL_CENTER_COMMENTS,ENGINEER_COMMENTS,SERVICE_ORDER_STATUS) values ('SOID0034  ','AR6','T34',to_timestamp('12-NOV-16 07.10.09.000000000 AM','DD-MON-RR HH.MI.SSXFF AM'),to_timestamp('13-NOV-16 08.05.09.000000000 AM','DD-MON-RR HH.MI.SSXFF AM'),null,'POS-PRINTER PROBLEM                 ','REPLACED PRINTER AND TESTED OK','Closed');
Insert into T7_SERVICE_ORDER (SERVICE_ORDER_ID,BANK_ID,TERMINAL_ID,SERVICE_ORDER_CREATION_TIME,SERVICE_ORDER_RESOLUTION_TIME,FLM_COMMENTS,CALL_CENTER_COMMENTS,ENGINEER_COMMENTS,SERVICE_ORDER_STATUS) values ('SOID0035  ','AR6','T35',to_timestamp('12-NOV-16 07.10.30.000000000 AM','DD-MON-RR HH.MI.SSXFF AM'),to_timestamp('13-NOV-16 11.45.09.000000000 AM','DD-MON-RR HH.MI.SSXFF AM'),null,'POS-TERMINAL PROBLEM                 ','RESET TERMINAL AND TESTED OK','Closed');
Insert into T7_SERVICE_ORDER (SERVICE_ORDER_ID,BANK_ID,TERMINAL_ID,SERVICE_ORDER_CREATION_TIME,SERVICE_ORDER_RESOLUTION_TIME,FLM_COMMENTS,CALL_CENTER_COMMENTS,ENGINEER_COMMENTS,SERVICE_ORDER_STATUS) values ('SOID0036  ','A10','T36',to_timestamp('12-NOV-16 07.11.05.000000000 AM','DD-MON-RR HH.MI.SSXFF AM'),to_timestamp('12-NOV-16 03.05.09.000000000 PM','DD-MON-RR HH.MI.SSXFF AM'),null,'POS-TERMINAL PROBLEM                 ','RESET TERMINAL AND TESTED OK','Closed');
Insert into T7_SERVICE_ORDER (SERVICE_ORDER_ID,BANK_ID,TERMINAL_ID,SERVICE_ORDER_CREATION_TIME,SERVICE_ORDER_RESOLUTION_TIME,FLM_COMMENTS,CALL_CENTER_COMMENTS,ENGINEER_COMMENTS,SERVICE_ORDER_STATUS) values ('SOID0037  ','A10','T37',to_timestamp('13-NOV-16 07.10.09.000000000 AM','DD-MON-RR HH.MI.SSXFF AM'),to_timestamp('14-NOV-16 08.05.09.000000000 AM','DD-MON-RR HH.MI.SSXFF AM'),null,'POS-PRINTER PROBLEM                 ','REPLACED PRINTER AND TESTED OK','Closed');
Insert into T7_SERVICE_ORDER (SERVICE_ORDER_ID,BANK_ID,TERMINAL_ID,SERVICE_ORDER_CREATION_TIME,SERVICE_ORDER_RESOLUTION_TIME,FLM_COMMENTS,CALL_CENTER_COMMENTS,ENGINEER_COMMENTS,SERVICE_ORDER_STATUS) values ('SOID0038  ','A10','T38',to_timestamp('13-NOV-16 07.10.30.000000000 AM','DD-MON-RR HH.MI.SSXFF AM'),to_timestamp('14-NOV-16 11.45.09.000000000 AM','DD-MON-RR HH.MI.SSXFF AM'),null,'POS-TERMINAL PROBLEM                 ','RESET TERMINAL AND TESTED OK','Closed');
Insert into T7_SERVICE_ORDER (SERVICE_ORDER_ID,BANK_ID,TERMINAL_ID,SERVICE_ORDER_CREATION_TIME,SERVICE_ORDER_RESOLUTION_TIME,FLM_COMMENTS,CALL_CENTER_COMMENTS,ENGINEER_COMMENTS,SERVICE_ORDER_STATUS) values ('SOID0039  ','A10','T39',to_timestamp('13-NOV-16 07.11.05.000000000 AM','DD-MON-RR HH.MI.SSXFF AM'),to_timestamp('13-NOV-16 03.05.09.000000000 PM','DD-MON-RR HH.MI.SSXFF AM'),null,'POS-TERMINAL PROBLEM                 ','RESET TERMINAL AND TESTED OK','Closed');
Insert into T7_SERVICE_ORDER (SERVICE_ORDER_ID,BANK_ID,TERMINAL_ID,SERVICE_ORDER_CREATION_TIME,SERVICE_ORDER_RESOLUTION_TIME,FLM_COMMENTS,CALL_CENTER_COMMENTS,ENGINEER_COMMENTS,SERVICE_ORDER_STATUS) values ('SOID0040  ','A10','T40',to_timestamp('14-NOV-16 07.10.09.000000000 AM','DD-MON-RR HH.MI.SSXFF AM'),to_timestamp('15-NOV-16 08.05.09.000000000 AM','DD-MON-RR HH.MI.SSXFF AM'),null,'POS-TERMINAL PROBLEM                 ','RESET TERMINAL AND TESTED OK','Closed');
Insert into T7_SERVICE_ORDER (SERVICE_ORDER_ID,BANK_ID,TERMINAL_ID,SERVICE_ORDER_CREATION_TIME,SERVICE_ORDER_RESOLUTION_TIME,FLM_COMMENTS,CALL_CENTER_COMMENTS,ENGINEER_COMMENTS,SERVICE_ORDER_STATUS) values ('SOID0041  ','NCB','T1 ',to_timestamp('14-NOV-16 07.10.30.000000000 AM','DD-MON-RR HH.MI.SSXFF AM'),to_timestamp('14-NOV-16 11.45.09.000000000 AM','DD-MON-RR HH.MI.SSXFF AM'),null,'POS-TERMINAL PROBLEM                 ','RESET TERMINAL AND TESTED OK','Closed');
Insert into T7_SERVICE_ORDER (SERVICE_ORDER_ID,BANK_ID,TERMINAL_ID,SERVICE_ORDER_CREATION_TIME,SERVICE_ORDER_RESOLUTION_TIME,FLM_COMMENTS,CALL_CENTER_COMMENTS,ENGINEER_COMMENTS,SERVICE_ORDER_STATUS) values ('SOID0042  ','NB1','T2 ',to_timestamp('14-NOV-16 07.11.05.000000000 AM','DD-MON-RR HH.MI.SSXFF AM'),to_timestamp('14-NOV-16 03.05.09.000000000 PM','DD-MON-RR HH.MI.SSXFF AM'),null,'POS-TERMINAL PROBLEM                 ','REPLACED TERMINAL AND TESTED OK','Closed');
Insert into T7_SERVICE_ORDER (SERVICE_ORDER_ID,BANK_ID,TERMINAL_ID,SERVICE_ORDER_CREATION_TIME,SERVICE_ORDER_RESOLUTION_TIME,FLM_COMMENTS,CALL_CENTER_COMMENTS,ENGINEER_COMMENTS,SERVICE_ORDER_STATUS) values ('SOID0043  ','NB2','T3 ',to_timestamp('14-NOV-16 09.10.30.000000000 AM','DD-MON-RR HH.MI.SSXFF AM'),to_timestamp('14-NOV-16 11.45.09.000000000 AM','DD-MON-RR HH.MI.SSXFF AM'),null,'POS-TERMINAL PROBLEM                 ','REPLACED TERMINAL AND TESTED OK','Closed');
Insert into T7_SERVICE_ORDER (SERVICE_ORDER_ID,BANK_ID,TERMINAL_ID,SERVICE_ORDER_CREATION_TIME,SERVICE_ORDER_RESOLUTION_TIME,FLM_COMMENTS,CALL_CENTER_COMMENTS,ENGINEER_COMMENTS,SERVICE_ORDER_STATUS) values ('SOID0044  ','ALR','T4 ',to_timestamp('14-NOV-16 10.11.05.000000000 AM','DD-MON-RR HH.MI.SSXFF AM'),to_timestamp('15-NOV-16 03.05.08.000000000 PM','DD-MON-RR HH.MI.SSXFF AM'),null,'POS-TERMINAL PROBLEM                 ','RESET TERMINAL AND TESTED OK','Closed');
Insert into T7_SERVICE_ORDER (SERVICE_ORDER_ID,BANK_ID,TERMINAL_ID,SERVICE_ORDER_CREATION_TIME,SERVICE_ORDER_RESOLUTION_TIME,FLM_COMMENTS,CALL_CENTER_COMMENTS,ENGINEER_COMMENTS,SERVICE_ORDER_STATUS) values ('SOID0045  ','AR2','T5 ',to_timestamp('15-NOV-16 07.10.09.000000000 AM','DD-MON-RR HH.MI.SSXFF AM'),to_timestamp('16-NOV-16 08.05.09.000000000 AM','DD-MON-RR HH.MI.SSXFF AM'),null,'POS-TERMINAL PROBLEM                 ','REPLACED TERMINAL AND TESTED OK','Closed');
Insert into T7_SERVICE_ORDER (SERVICE_ORDER_ID,BANK_ID,TERMINAL_ID,SERVICE_ORDER_CREATION_TIME,SERVICE_ORDER_RESOLUTION_TIME,FLM_COMMENTS,CALL_CENTER_COMMENTS,ENGINEER_COMMENTS,SERVICE_ORDER_STATUS) values ('SOID0046  ','AR3','T6 ',to_timestamp('15-NOV-16 02.10.30.000000000 AM','DD-MON-RR HH.MI.SSXFF AM'),to_timestamp('16-NOV-16 11.45.09.000000000 AM','DD-MON-RR HH.MI.SSXFF AM'),null,'POS-TERMINAL PROBLEM                 ','RESET TERMINAL AND TESTED OK','Closed');
Insert into T7_SERVICE_ORDER (SERVICE_ORDER_ID,BANK_ID,TERMINAL_ID,SERVICE_ORDER_CREATION_TIME,SERVICE_ORDER_RESOLUTION_TIME,FLM_COMMENTS,CALL_CENTER_COMMENTS,ENGINEER_COMMENTS,SERVICE_ORDER_STATUS) values ('SOID0047  ','ANB','T7 ',to_timestamp('15-NOV-16 07.11.05.000000000 AM','DD-MON-RR HH.MI.SSXFF AM'),to_timestamp('15-NOV-16 03.05.09.000000000 PM','DD-MON-RR HH.MI.SSXFF AM'),null,'POS-TERMINAL PROBLEM                 ','LOOSE CABLE, FIXED AND TESTED OK','Closed');
Insert into T7_SERVICE_ORDER (SERVICE_ORDER_ID,BANK_ID,TERMINAL_ID,SERVICE_ORDER_CREATION_TIME,SERVICE_ORDER_RESOLUTION_TIME,FLM_COMMENTS,CALL_CENTER_COMMENTS,ENGINEER_COMMENTS,SERVICE_ORDER_STATUS) values ('SOID0048  ','AB1','T8 ',to_timestamp('15-NOV-16 08.00.09.000000000 AM','DD-MON-RR HH.MI.SSXFF AM'),to_timestamp('15-NOV-16 02.05.09.000000000 PM','DD-MON-RR HH.MI.SSXFF AM'),null,'POS-TERMINAL PROBLEM                 ','LOOSE CABLE, FIXED AND TESTED OK','Closed');
Insert into T7_SERVICE_ORDER (SERVICE_ORDER_ID,BANK_ID,TERMINAL_ID,SERVICE_ORDER_CREATION_TIME,SERVICE_ORDER_RESOLUTION_TIME,FLM_COMMENTS,CALL_CENTER_COMMENTS,ENGINEER_COMMENTS,SERVICE_ORDER_STATUS) values ('SOID0049  ','AB2','T9 ',to_timestamp('15-NOV-16 08.10.09.000000000 AM','DD-MON-RR HH.MI.SSXFF AM'),to_timestamp('15-NOV-16 12.05.09.000000000 PM','DD-MON-RR HH.MI.SSXFF AM'),null,'POS-TERMINAL PROBLEM                 ',null,'Closed');
Insert into T7_SERVICE_ORDER (SERVICE_ORDER_ID,BANK_ID,TERMINAL_ID,SERVICE_ORDER_CREATION_TIME,SERVICE_ORDER_RESOLUTION_TIME,FLM_COMMENTS,CALL_CENTER_COMMENTS,ENGINEER_COMMENTS,SERVICE_ORDER_STATUS) values ('SOID0050  ','AB3','T10',to_timestamp('15-NOV-16 09.10.30.000000000 AM','DD-MON-RR HH.MI.SSXFF AM'),to_timestamp('15-NOV-16 11.45.09.000000000 AM','DD-MON-RR HH.MI.SSXFF AM'),null,'POS-TERMINAL PROBLEM                 ',null,'Closed');
Insert into T7_SERVICE_ORDER (SERVICE_ORDER_ID,BANK_ID,TERMINAL_ID,SERVICE_ORDER_CREATION_TIME,SERVICE_ORDER_RESOLUTION_TIME,FLM_COMMENTS,CALL_CENTER_COMMENTS,ENGINEER_COMMENTS,SERVICE_ORDER_STATUS) values ('SOID0051  ','AB4','T11',to_timestamp('15-NOV-16 10.11.05.000000000 AM','DD-MON-RR HH.MI.SSXFF AM'),to_timestamp('15-NOV-16 03.05.08.000000000 PM','DD-MON-RR HH.MI.SSXFF AM'),null,'POS-PRINTER PROBLEM                 ','LOOSE CABLE, FIXED AND TESTED OK','Closed');
Insert into T7_SERVICE_ORDER (SERVICE_ORDER_ID,BANK_ID,TERMINAL_ID,SERVICE_ORDER_CREATION_TIME,SERVICE_ORDER_RESOLUTION_TIME,FLM_COMMENTS,CALL_CENTER_COMMENTS,ENGINEER_COMMENTS,SERVICE_ORDER_STATUS) values ('SOID0052  ','AB5','T12',to_timestamp('16-NOV-16 07.11.05.000000000 AM','DD-MON-RR HH.MI.SSXFF AM'),to_timestamp('16-NOV-16 10.05.09.000000000 AM','DD-MON-RR HH.MI.SSXFF AM'),null,'POS-TERMINAL PROBLEM                 ',null,'Closed');
Insert into T7_SERVICE_ORDER (SERVICE_ORDER_ID,BANK_ID,TERMINAL_ID,SERVICE_ORDER_CREATION_TIME,SERVICE_ORDER_RESOLUTION_TIME,FLM_COMMENTS,CALL_CENTER_COMMENTS,ENGINEER_COMMENTS,SERVICE_ORDER_STATUS) values ('SOID0053  ','AB6','T13',to_timestamp('16-NOV-16 08.00.09.000000000 AM','DD-MON-RR HH.MI.SSXFF AM'),to_timestamp('16-NOV-16 11.05.09.000000000 AM','DD-MON-RR HH.MI.SSXFF AM'),null,'POS-TERMINAL PROBLEM                 ','LOOSE CABLE, FIXED AND TESTED OK','Closed');
Insert into T7_SERVICE_ORDER (SERVICE_ORDER_ID,BANK_ID,TERMINAL_ID,SERVICE_ORDER_CREATION_TIME,SERVICE_ORDER_RESOLUTION_TIME,FLM_COMMENTS,CALL_CENTER_COMMENTS,ENGINEER_COMMENTS,SERVICE_ORDER_STATUS) values ('SOID0054  ','AB7','T14',to_timestamp('16-NOV-16 08.10.09.000000000 AM','DD-MON-RR HH.MI.SSXFF AM'),to_timestamp('16-NOV-16 12.05.09.000000000 PM','DD-MON-RR HH.MI.SSXFF AM'),'FIXED THROUGH PHONE','POS-TERMINAL PROBLEM                 ',null,'Closed');
Insert into T7_SERVICE_ORDER (SERVICE_ORDER_ID,BANK_ID,TERMINAL_ID,SERVICE_ORDER_CREATION_TIME,SERVICE_ORDER_RESOLUTION_TIME,FLM_COMMENTS,CALL_CENTER_COMMENTS,ENGINEER_COMMENTS,SERVICE_ORDER_STATUS) values ('SOID0055  ','NB3','T15',to_timestamp('16-NOV-16 09.10.30.000000000 PM','DD-MON-RR HH.MI.SSXFF AM'),to_timestamp('16-NOV-16 11.45.09.000000000 PM','DD-MON-RR HH.MI.SSXFF AM'),'FIXED THROUGH PHONE','POS-TERMINAL PROBLEM                 ',null,'Closed');
Insert into T7_SERVICE_ORDER (SERVICE_ORDER_ID,BANK_ID,TERMINAL_ID,SERVICE_ORDER_CREATION_TIME,SERVICE_ORDER_RESOLUTION_TIME,FLM_COMMENTS,CALL_CENTER_COMMENTS,ENGINEER_COMMENTS,SERVICE_ORDER_STATUS) values ('SOID0056  ','NB4','T16',to_timestamp('16-NOV-16 10.11.05.000000000 AM','DD-MON-RR HH.MI.SSXFF AM'),to_timestamp('16-NOV-16 03.05.08.000000000 PM','DD-MON-RR HH.MI.SSXFF AM'),'FIXED THROUGH PHONE','POS-TERMINAL PROBLEM                 ',null,'Closed');
Insert into T7_SERVICE_ORDER (SERVICE_ORDER_ID,BANK_ID,TERMINAL_ID,SERVICE_ORDER_CREATION_TIME,SERVICE_ORDER_RESOLUTION_TIME,FLM_COMMENTS,CALL_CENTER_COMMENTS,ENGINEER_COMMENTS,SERVICE_ORDER_STATUS) values ('SOID0057  ','NB5','T17',to_timestamp('17-NOV-16 08.00.09.000000000 AM','DD-MON-RR HH.MI.SSXFF AM'),to_timestamp('17-NOV-16 02.05.09.000000000 PM','DD-MON-RR HH.MI.SSXFF AM'),'SAMA ISSUE, FIXED TERMINAL THROUGH PHONE','POS-TERMINAL PROBLEM                 ','LOOSE CABLE, FIXED AND TESTED OK','Closed');
Insert into T7_SERVICE_ORDER (SERVICE_ORDER_ID,BANK_ID,TERMINAL_ID,SERVICE_ORDER_CREATION_TIME,SERVICE_ORDER_RESOLUTION_TIME,FLM_COMMENTS,CALL_CENTER_COMMENTS,ENGINEER_COMMENTS,SERVICE_ORDER_STATUS) values ('SOID0058  ','AR4','T18',to_timestamp('17-NOV-16 08.10.09.000000000 AM','DD-MON-RR HH.MI.SSXFF AM'),to_timestamp('17-NOV-16 12.05.09.000000000 PM','DD-MON-RR HH.MI.SSXFF AM'),'FIXED THROUGH PHONE','POS-TERMINAL PROBLEM                 ',null,'Closed');
Insert into T7_SERVICE_ORDER (SERVICE_ORDER_ID,BANK_ID,TERMINAL_ID,SERVICE_ORDER_CREATION_TIME,SERVICE_ORDER_RESOLUTION_TIME,FLM_COMMENTS,CALL_CENTER_COMMENTS,ENGINEER_COMMENTS,SERVICE_ORDER_STATUS) values ('SOID0059  ','AR5','T19',to_timestamp('17-NOV-16 09.10.30.000000000 AM','DD-MON-RR HH.MI.SSXFF AM'),to_timestamp('17-NOV-16 11.45.09.000000000 AM','DD-MON-RR HH.MI.SSXFF AM'),'TELEPHONE LINE IS OUT OF SERVICE','POS-TERMINAL PROBLEM                 ','LOOSE CABLE, FIXED AND TESTED OK','Closed');
Insert into T7_SERVICE_ORDER (SERVICE_ORDER_ID,BANK_ID,TERMINAL_ID,SERVICE_ORDER_CREATION_TIME,SERVICE_ORDER_RESOLUTION_TIME,FLM_COMMENTS,CALL_CENTER_COMMENTS,ENGINEER_COMMENTS,SERVICE_ORDER_STATUS) values ('SOID0060  ','AR6','T20',to_timestamp('17-NOV-16 10.11.05.000000000 AM','DD-MON-RR HH.MI.SSXFF AM'),to_timestamp('17-NOV-16 03.05.08.000000000 PM','DD-MON-RR HH.MI.SSXFF AM'),'TERMINAL LOADING FROM SAMA DONE, TERMINAL IS WORKING FINE.','POS-TERMINAL PROBLEM                 ','LOOSE CABLE, FIXED AND TESTED OK','Closed');
Insert into T7_SERVICE_ORDER (SERVICE_ORDER_ID,BANK_ID,TERMINAL_ID,SERVICE_ORDER_CREATION_TIME,SERVICE_ORDER_RESOLUTION_TIME,FLM_COMMENTS,CALL_CENTER_COMMENTS,ENGINEER_COMMENTS,SERVICE_ORDER_STATUS) values ('SOID0061  ','AB8','T21',to_timestamp('18-NOV-16 08.10.09.000000000 AM','DD-MON-RR HH.MI.SSXFF AM'),to_timestamp('18-NOV-16 12.05.09.000000000 PM','DD-MON-RR HH.MI.SSXFF AM'),'FIXED THROUGH PHONE','POS-TERMINAL PROBLEM                 ',null,'Closed');
Insert into T7_SERVICE_ORDER (SERVICE_ORDER_ID,BANK_ID,TERMINAL_ID,SERVICE_ORDER_CREATION_TIME,SERVICE_ORDER_RESOLUTION_TIME,FLM_COMMENTS,CALL_CENTER_COMMENTS,ENGINEER_COMMENTS,SERVICE_ORDER_STATUS) values ('SOID0062  ','AB9','T22',to_timestamp('18-NOV-16 09.10.30.000000000 AM','DD-MON-RR HH.MI.SSXFF AM'),to_timestamp('18-NOV-16 11.45.09.000000000 AM','DD-MON-RR HH.MI.SSXFF AM'),'NETWORK PROBLEM','POS-TERMINAL PROBLEM                 ','LOOSE CABLE, FIXED AND TESTED OK','Closed');
Insert into T7_SERVICE_ORDER (SERVICE_ORDER_ID,BANK_ID,TERMINAL_ID,SERVICE_ORDER_CREATION_TIME,SERVICE_ORDER_RESOLUTION_TIME,FLM_COMMENTS,CALL_CENTER_COMMENTS,ENGINEER_COMMENTS,SERVICE_ORDER_STATUS) values ('SOID0063  ','A10','T23',to_timestamp('18-NOV-16 10.11.05.000000000 AM','DD-MON-RR HH.MI.SSXFF AM'),to_timestamp('18-NOV-16 03.05.08.000000000 PM','DD-MON-RR HH.MI.SSXFF AM'),'SAMA ISSUE, FIXED TERMINAL THROUGH PHONE','POS-PRINTER PROBLEM                 ','LOOSE CABLE, FIXED AND TESTED OK','Closed');
Insert into T7_SERVICE_ORDER (SERVICE_ORDER_ID,BANK_ID,TERMINAL_ID,SERVICE_ORDER_CREATION_TIME,SERVICE_ORDER_RESOLUTION_TIME,FLM_COMMENTS,CALL_CENTER_COMMENTS,ENGINEER_COMMENTS,SERVICE_ORDER_STATUS) values ('SOID0064  ','A11','T24',to_timestamp('19-NOV-16 08.10.09.000000000 AM','DD-MON-RR HH.MI.SSXFF AM'),to_timestamp('19-NOV-16 12.05.09.000000000 PM','DD-MON-RR HH.MI.SSXFF AM'),'FIXED THROUGH PHONE','POS-TERMINAL PROBLEM                 ',null,'Closed');
Insert into T7_SERVICE_ORDER (SERVICE_ORDER_ID,BANK_ID,TERMINAL_ID,SERVICE_ORDER_CREATION_TIME,SERVICE_ORDER_RESOLUTION_TIME,FLM_COMMENTS,CALL_CENTER_COMMENTS,ENGINEER_COMMENTS,SERVICE_ORDER_STATUS) values ('SOID0065  ','NB6','T25',to_timestamp('19-NOV-16 09.10.30.000000000 AM','DD-MON-RR HH.MI.SSXFF AM'),to_timestamp('19-NOV-16 11.45.09.000000000 AM','DD-MON-RR HH.MI.SSXFF AM'),'TERMINAL LOADING FROM SAMA DONE, TERMINAL IS WORKING FINE.','POS-TERMINAL PROBLEM                 ','LOOSE CABLE, FIXED AND TESTED OK','Closed');
Insert into T7_SERVICE_ORDER (SERVICE_ORDER_ID,BANK_ID,TERMINAL_ID,SERVICE_ORDER_CREATION_TIME,SERVICE_ORDER_RESOLUTION_TIME,FLM_COMMENTS,CALL_CENTER_COMMENTS,ENGINEER_COMMENTS,SERVICE_ORDER_STATUS) values ('SOID0066  ','NB7','T26',to_timestamp('19-NOV-16 10.11.05.000000000 AM','DD-MON-RR HH.MI.SSXFF AM'),to_timestamp('19-NOV-16 03.05.08.000000000 PM','DD-MON-RR HH.MI.SSXFF AM'),'SAMA ISSUE, FIXED TERMINAL THROUGH PHONE','POS-TERMINAL PROBLEM                 ','ADAPTOR PROBLEM, FIXED AND TESTED OK','Closed');
Insert into T7_SERVICE_ORDER (SERVICE_ORDER_ID,BANK_ID,TERMINAL_ID,SERVICE_ORDER_CREATION_TIME,SERVICE_ORDER_RESOLUTION_TIME,FLM_COMMENTS,CALL_CENTER_COMMENTS,ENGINEER_COMMENTS,SERVICE_ORDER_STATUS) values ('SOID0067  ','NB8','T27',to_timestamp('20-NOV-16 08.10.09.000000000 AM','DD-MON-RR HH.MI.SSXFF AM'),to_timestamp('20-NOV-16 12.05.09.000000000 PM','DD-MON-RR HH.MI.SSXFF AM'),'FALSE CALL','POS-TERMINAL PROBLEM                 ','ADAPTOR PROBLEM, FIXED AND TESTED OK','Closed');
Insert into T7_SERVICE_ORDER (SERVICE_ORDER_ID,BANK_ID,TERMINAL_ID,SERVICE_ORDER_CREATION_TIME,SERVICE_ORDER_RESOLUTION_TIME,FLM_COMMENTS,CALL_CENTER_COMMENTS,ENGINEER_COMMENTS,SERVICE_ORDER_STATUS) values ('SOID0068  ','AR7','T28',to_timestamp('20-NOV-16 09.10.30.000000000 AM','DD-MON-RR HH.MI.SSXFF AM'),to_timestamp('20-NOV-16 11.45.09.000000000 AM','DD-MON-RR HH.MI.SSXFF AM'),'FIXED THROUGH PHONE','POS-PRINTER PROBLEM                 ',null,'Closed');
Insert into T7_SERVICE_ORDER (SERVICE_ORDER_ID,BANK_ID,TERMINAL_ID,SERVICE_ORDER_CREATION_TIME,SERVICE_ORDER_RESOLUTION_TIME,FLM_COMMENTS,CALL_CENTER_COMMENTS,ENGINEER_COMMENTS,SERVICE_ORDER_STATUS) values ('SOID0069  ','AR8','T29',to_timestamp('20-NOV-16 10.11.05.000000000 AM','DD-MON-RR HH.MI.SSXFF AM'),to_timestamp('20-NOV-16 03.05.08.000000000 PM','DD-MON-RR HH.MI.SSXFF AM'),'FIXED THROUGH PHONE','POS-TERMINAL PROBLEM                 ',null,'Closed');
Insert into T7_SERVICE_ORDER (SERVICE_ORDER_ID,BANK_ID,TERMINAL_ID,SERVICE_ORDER_CREATION_TIME,SERVICE_ORDER_RESOLUTION_TIME,FLM_COMMENTS,CALL_CENTER_COMMENTS,ENGINEER_COMMENTS,SERVICE_ORDER_STATUS) values ('SOID0070  ','AR9','T30',to_timestamp('21-NOV-16 08.10.09.000000000 AM','DD-MON-RR HH.MI.SSXFF AM'),to_timestamp('21-NOV-16 12.05.09.000000000 PM','DD-MON-RR HH.MI.SSXFF AM'),'FIXED THROUGH PHONE','POS-TERMINAL PROBLEM                 ',null,'Closed');
Insert into T7_SERVICE_ORDER (SERVICE_ORDER_ID,BANK_ID,TERMINAL_ID,SERVICE_ORDER_CREATION_TIME,SERVICE_ORDER_RESOLUTION_TIME,FLM_COMMENTS,CALL_CENTER_COMMENTS,ENGINEER_COMMENTS,SERVICE_ORDER_STATUS) values ('SOID0071  ','NCB','T31',to_timestamp('21-NOV-16 09.10.30.000000000 AM','DD-MON-RR HH.MI.SSXFF AM'),to_timestamp('21-NOV-16 11.45.09.000000000 AM','DD-MON-RR HH.MI.SSXFF AM'),'FIXED THROUGH PHONE','POS-TERMINAL PROBLEM                 ',null,'Closed');
Insert into T7_SERVICE_ORDER (SERVICE_ORDER_ID,BANK_ID,TERMINAL_ID,SERVICE_ORDER_CREATION_TIME,SERVICE_ORDER_RESOLUTION_TIME,FLM_COMMENTS,CALL_CENTER_COMMENTS,ENGINEER_COMMENTS,SERVICE_ORDER_STATUS) values ('SOID0072  ','NCB','T32',to_timestamp('22-NOV-16 10.11.05.000000000 AM','DD-MON-RR HH.MI.SSXFF AM'),to_timestamp('22-NOV-16 03.05.08.000000000 PM','DD-MON-RR HH.MI.SSXFF AM'),'FIXED THROUGH PHONE','POS-TERMINAL PROBLEM                 ',null,'Closed');
Insert into T7_SERVICE_ORDER (SERVICE_ORDER_ID,BANK_ID,TERMINAL_ID,SERVICE_ORDER_CREATION_TIME,SERVICE_ORDER_RESOLUTION_TIME,FLM_COMMENTS,CALL_CENTER_COMMENTS,ENGINEER_COMMENTS,SERVICE_ORDER_STATUS) values ('SOID0073  ','AR6','T33',to_timestamp('22-NOV-16 08.10.09.000000000 AM','DD-MON-RR HH.MI.SSXFF AM'),to_timestamp('22-NOV-16 12.05.09.000000000 PM','DD-MON-RR HH.MI.SSXFF AM'),'FIXED THROUGH PHONE','POS-TERMINAL PROBLEM                 ',null,'Closed');
Insert into T7_SERVICE_ORDER (SERVICE_ORDER_ID,BANK_ID,TERMINAL_ID,SERVICE_ORDER_CREATION_TIME,SERVICE_ORDER_RESOLUTION_TIME,FLM_COMMENTS,CALL_CENTER_COMMENTS,ENGINEER_COMMENTS,SERVICE_ORDER_STATUS) values ('SOID0074  ','AR6','T34',to_timestamp('22-NOV-16 09.10.30.000000000 AM','DD-MON-RR HH.MI.SSXFF AM'),to_timestamp('23-NOV-16 11.45.09.000000000 AM','DD-MON-RR HH.MI.SSXFF AM'),'CANNOT BE FIXED BY PHONE','POS-PRINTER PROBLEM                 ','ADAPTOR PROBLEM, FIXED AND TESTED OK','Closed');
Insert into T7_SERVICE_ORDER (SERVICE_ORDER_ID,BANK_ID,TERMINAL_ID,SERVICE_ORDER_CREATION_TIME,SERVICE_ORDER_RESOLUTION_TIME,FLM_COMMENTS,CALL_CENTER_COMMENTS,ENGINEER_COMMENTS,SERVICE_ORDER_STATUS) values ('SOID0075  ','AR6','T35',to_timestamp('22-NOV-16 10.11.05.000000000 AM','DD-MON-RR HH.MI.SSXFF AM'),to_timestamp('22-NOV-16 03.05.08.000000000 PM','DD-MON-RR HH.MI.SSXFF AM'),'FIXED THROUGH PHONE','POS-TERMINAL PROBLEM                 ',null,'Closed');
Insert into T7_SERVICE_ORDER (SERVICE_ORDER_ID,BANK_ID,TERMINAL_ID,SERVICE_ORDER_CREATION_TIME,SERVICE_ORDER_RESOLUTION_TIME,FLM_COMMENTS,CALL_CENTER_COMMENTS,ENGINEER_COMMENTS,SERVICE_ORDER_STATUS) values ('SOID0076  ','A10','T36',to_timestamp('23-NOV-16 10.11.05.000000000 AM','DD-MON-RR HH.MI.SSXFF AM'),to_timestamp('23-NOV-16 03.05.08.000000000 PM','DD-MON-RR HH.MI.SSXFF AM'),'SAMA ISSUE, FIXED TERMINAL THROUGH PHONE','POS-TERMINAL PROBLEM                 ','ADAPTOR PROBLEM, FIXED AND TESTED OK','Closed');
Insert into T7_SERVICE_ORDER (SERVICE_ORDER_ID,BANK_ID,TERMINAL_ID,SERVICE_ORDER_CREATION_TIME,SERVICE_ORDER_RESOLUTION_TIME,FLM_COMMENTS,CALL_CENTER_COMMENTS,ENGINEER_COMMENTS,SERVICE_ORDER_STATUS) values ('SOID0077  ','A10','T37',to_timestamp('23-NOV-16 08.10.09.000000000 AM','DD-MON-RR HH.MI.SSXFF AM'),to_timestamp('23-NOV-16 12.05.09.000000000 PM','DD-MON-RR HH.MI.SSXFF AM'),'FIXED THROUGH PHONE','POS-PRINTER PROBLEM                 ',null,'Closed');
Insert into T7_SERVICE_ORDER (SERVICE_ORDER_ID,BANK_ID,TERMINAL_ID,SERVICE_ORDER_CREATION_TIME,SERVICE_ORDER_RESOLUTION_TIME,FLM_COMMENTS,CALL_CENTER_COMMENTS,ENGINEER_COMMENTS,SERVICE_ORDER_STATUS) values ('SOID0078  ','A10','T38',to_timestamp('23-NOV-16 09.10.30.000000000 AM','DD-MON-RR HH.MI.SSXFF AM'),to_timestamp('23-NOV-16 11.45.09.000000000 AM','DD-MON-RR HH.MI.SSXFF AM'),'SAMA ISSUE, FIXED TERMINAL THROUGH PHONE','POS-TERMINAL PROBLEM                 ','ADAPTOR PROBLEM, FIXED AND TESTED OK','Closed');
Insert into T7_SERVICE_ORDER (SERVICE_ORDER_ID,BANK_ID,TERMINAL_ID,SERVICE_ORDER_CREATION_TIME,SERVICE_ORDER_RESOLUTION_TIME,FLM_COMMENTS,CALL_CENTER_COMMENTS,ENGINEER_COMMENTS,SERVICE_ORDER_STATUS) values ('SOID0079  ','A10','T39',to_timestamp('23-NOV-16 10.11.05.000000000 AM','DD-MON-RR HH.MI.SSXFF AM'),to_timestamp('23-NOV-16 03.05.08.000000000 PM','DD-MON-RR HH.MI.SSXFF AM'),'FIXED THROUGH PHONE','POS-TERMINAL PROBLEM                 ',null,'Closed');
Insert into T7_SERVICE_ORDER (SERVICE_ORDER_ID,BANK_ID,TERMINAL_ID,SERVICE_ORDER_CREATION_TIME,SERVICE_ORDER_RESOLUTION_TIME,FLM_COMMENTS,CALL_CENTER_COMMENTS,ENGINEER_COMMENTS,SERVICE_ORDER_STATUS) values ('SOID0080  ','A10','T40',to_timestamp('24-NOV-16 08.10.09.000000000 AM','DD-MON-RR HH.MI.SSXFF AM'),to_timestamp('24-NOV-16 12.05.09.000000000 PM','DD-MON-RR HH.MI.SSXFF AM'),'FIXED THROUGH PHONE','POS-TERMINAL PROBLEM                 ',null,'Closed');
Insert into T7_SERVICE_ORDER (SERVICE_ORDER_ID,BANK_ID,TERMINAL_ID,SERVICE_ORDER_CREATION_TIME,SERVICE_ORDER_RESOLUTION_TIME,FLM_COMMENTS,CALL_CENTER_COMMENTS,ENGINEER_COMMENTS,SERVICE_ORDER_STATUS) values ('SOID0081  ','NCB','T1 ',to_timestamp('24-NOV-16 09.10.30.000000000 AM','DD-MON-RR HH.MI.SSXFF AM'),to_timestamp('24-NOV-16 11.45.09.000000000 AM','DD-MON-RR HH.MI.SSXFF AM'),'MERCHANT DID NOT ANSWER. NEED TO RETRY AGAIN. . FIXED THROUGH PHONE','POS-PRINTER PROBLEM                 ','RESET TERMINAL AND TESTED OK','Closed');
Insert into T7_SERVICE_ORDER (SERVICE_ORDER_ID,BANK_ID,TERMINAL_ID,SERVICE_ORDER_CREATION_TIME,SERVICE_ORDER_RESOLUTION_TIME,FLM_COMMENTS,CALL_CENTER_COMMENTS,ENGINEER_COMMENTS,SERVICE_ORDER_STATUS) values ('SOID0082  ','NB1','T2 ',to_timestamp('24-NOV-16 10.11.05.000000000 AM','DD-MON-RR HH.MI.SSXFF AM'),to_timestamp('24-NOV-16 03.05.08.000000000 PM','DD-MON-RR HH.MI.SSXFF AM'),'FIXED THROUGH PHONE','POS-TERMINAL PROBLEM                 ',null,'Closed');
Insert into T7_SERVICE_ORDER (SERVICE_ORDER_ID,BANK_ID,TERMINAL_ID,SERVICE_ORDER_CREATION_TIME,SERVICE_ORDER_RESOLUTION_TIME,FLM_COMMENTS,CALL_CENTER_COMMENTS,ENGINEER_COMMENTS,SERVICE_ORDER_STATUS) values ('SOID0083  ','NB2','T3 ',to_timestamp('24-NOV-16 11.12.05.000000000 AM','DD-MON-RR HH.MI.SSXFF AM'),to_timestamp('25-NOV-16 03.05.08.000000000 PM','DD-MON-RR HH.MI.SSXFF AM'),'FIXED THROUGH PHONE','POS-TERMINAL PROBLEM                 ',null,'Closed');
Insert into T7_SERVICE_ORDER (SERVICE_ORDER_ID,BANK_ID,TERMINAL_ID,SERVICE_ORDER_CREATION_TIME,SERVICE_ORDER_RESOLUTION_TIME,FLM_COMMENTS,CALL_CENTER_COMMENTS,ENGINEER_COMMENTS,SERVICE_ORDER_STATUS) values ('SOID0084  ','ALR','T4 ',to_timestamp('01-NOV-16 07.10.09.000000000 AM','DD-MON-RR HH.MI.SSXFF AM'),null,null,'POS-TERMINAL PROBLEM                 ',null,'Open');
Insert into T7_SERVICE_ORDER (SERVICE_ORDER_ID,BANK_ID,TERMINAL_ID,SERVICE_ORDER_CREATION_TIME,SERVICE_ORDER_RESOLUTION_TIME,FLM_COMMENTS,CALL_CENTER_COMMENTS,ENGINEER_COMMENTS,SERVICE_ORDER_STATUS) values ('SOID0085  ','AR2','T5 ',to_timestamp('01-NOV-16 07.10.09.000000000 AM','DD-MON-RR HH.MI.SSXFF AM'),null,null,'POS-TERMINAL PROBLEM                 ',null,'Open');
Insert into T7_SERVICE_ORDER (SERVICE_ORDER_ID,BANK_ID,TERMINAL_ID,SERVICE_ORDER_CREATION_TIME,SERVICE_ORDER_RESOLUTION_TIME,FLM_COMMENTS,CALL_CENTER_COMMENTS,ENGINEER_COMMENTS,SERVICE_ORDER_STATUS) values ('SOID0086  ','AR3','T6 ',to_timestamp('01-NOV-16 07.10.09.000000000 AM','DD-MON-RR HH.MI.SSXFF AM'),null,null,'POS-PRINTER PROBLEM                 ',null,'Open');
Insert into T7_SERVICE_ORDER (SERVICE_ORDER_ID,BANK_ID,TERMINAL_ID,SERVICE_ORDER_CREATION_TIME,SERVICE_ORDER_RESOLUTION_TIME,FLM_COMMENTS,CALL_CENTER_COMMENTS,ENGINEER_COMMENTS,SERVICE_ORDER_STATUS) values ('SOID0087  ','ANB','T7 ',to_timestamp('01-NOV-16 07.10.09.000000000 AM','DD-MON-RR HH.MI.SSXFF AM'),null,null,'POS-TERMINAL PROBLEM                 ',null,'Open');
Insert into T7_SERVICE_ORDER (SERVICE_ORDER_ID,BANK_ID,TERMINAL_ID,SERVICE_ORDER_CREATION_TIME,SERVICE_ORDER_RESOLUTION_TIME,FLM_COMMENTS,CALL_CENTER_COMMENTS,ENGINEER_COMMENTS,SERVICE_ORDER_STATUS) values ('SOID0088  ','AB1','T8 ',to_timestamp('25-NOV-16 08.10.09.000000000 AM','DD-MON-RR HH.MI.SSXFF AM'),to_timestamp('25-NOV-16 12.05.09.000000000 PM','DD-MON-RR HH.MI.SSXFF AM'),'FIXED THROUGH PHONE','POS-TERMINAL PROBLEM                 ',null,'Closed');
Insert into T7_SERVICE_ORDER (SERVICE_ORDER_ID,BANK_ID,TERMINAL_ID,SERVICE_ORDER_CREATION_TIME,SERVICE_ORDER_RESOLUTION_TIME,FLM_COMMENTS,CALL_CENTER_COMMENTS,ENGINEER_COMMENTS,SERVICE_ORDER_STATUS) values ('SOID0089  ','AB2','T9 ',to_timestamp('25-NOV-16 09.10.30.000000000 AM','DD-MON-RR HH.MI.SSXFF AM'),to_timestamp('25-NOV-16 11.45.09.000000000 AM','DD-MON-RR HH.MI.SSXFF AM'),'CANNOT BE FIXED BY PHONE','POS-TERMINAL PROBLEM                 ','ADAPTOR PROBLEM, FIXED AND TESTED OK','Closed');
Insert into T7_SERVICE_ORDER (SERVICE_ORDER_ID,BANK_ID,TERMINAL_ID,SERVICE_ORDER_CREATION_TIME,SERVICE_ORDER_RESOLUTION_TIME,FLM_COMMENTS,CALL_CENTER_COMMENTS,ENGINEER_COMMENTS,SERVICE_ORDER_STATUS) values ('SOID0090  ','AB3','T10',to_timestamp('25-NOV-16 10.11.05.000000000 AM','DD-MON-RR HH.MI.SSXFF AM'),to_timestamp('25-NOV-16 03.05.08.000000000 PM','DD-MON-RR HH.MI.SSXFF AM'),'FIXED THROUGH PHONE','POS-PRINTER PROBLEM                 ',null,'Closed');
Insert into T7_SERVICE_ORDER (SERVICE_ORDER_ID,BANK_ID,TERMINAL_ID,SERVICE_ORDER_CREATION_TIME,SERVICE_ORDER_RESOLUTION_TIME,FLM_COMMENTS,CALL_CENTER_COMMENTS,ENGINEER_COMMENTS,SERVICE_ORDER_STATUS) values ('SOID0091  ','AB4','T11',to_timestamp('26-NOV-16 08.10.09.000000000 AM','DD-MON-RR HH.MI.SSXFF AM'),to_timestamp('26-NOV-16 02.05.09.000000000 PM','DD-MON-RR HH.MI.SSXFF AM'),'CANNOT BE FIXED BY PHONE','POS-TERMINAL PROBLEM                 ','ADAPTOR PROBLEM, FIXED AND TESTED OK','Closed');
Insert into T7_SERVICE_ORDER (SERVICE_ORDER_ID,BANK_ID,TERMINAL_ID,SERVICE_ORDER_CREATION_TIME,SERVICE_ORDER_RESOLUTION_TIME,FLM_COMMENTS,CALL_CENTER_COMMENTS,ENGINEER_COMMENTS,SERVICE_ORDER_STATUS) values ('SOID0092  ','AB5','T12',to_timestamp('26-NOV-16 09.10.30.000000000 AM','DD-MON-RR HH.MI.SSXFF AM'),to_timestamp('26-NOV-16 11.45.09.000000000 AM','DD-MON-RR HH.MI.SSXFF AM'),'FIXED THROUGH PHONE','POS-TERMINAL PROBLEM                 ',null,'Closed');
Insert into T7_SERVICE_ORDER (SERVICE_ORDER_ID,BANK_ID,TERMINAL_ID,SERVICE_ORDER_CREATION_TIME,SERVICE_ORDER_RESOLUTION_TIME,FLM_COMMENTS,CALL_CENTER_COMMENTS,ENGINEER_COMMENTS,SERVICE_ORDER_STATUS) values ('SOID0093  ','AB6','T13',to_timestamp('26-NOV-16 10.11.05.000000000 AM','DD-MON-RR HH.MI.SSXFF AM'),to_timestamp('26-NOV-16 03.05.08.000000000 PM','DD-MON-RR HH.MI.SSXFF AM'),'FIXED THROUGH PHONE','POS-TERMINAL PROBLEM                 ',null,'Closed');
Insert into T7_SERVICE_ORDER (SERVICE_ORDER_ID,BANK_ID,TERMINAL_ID,SERVICE_ORDER_CREATION_TIME,SERVICE_ORDER_RESOLUTION_TIME,FLM_COMMENTS,CALL_CENTER_COMMENTS,ENGINEER_COMMENTS,SERVICE_ORDER_STATUS) values ('SOID0094  ','AB7','T14',to_timestamp('26-NOV-16 05.05.09.000000000 PM','DD-MON-RR HH.MI.SSXFF AM'),to_timestamp('26-NOV-16 08.05.09.000000000 PM','DD-MON-RR HH.MI.SSXFF AM'),'FIXED THROUGH PHONE','POS-TERMINAL PROBLEM                 ',null,'Closed');
Insert into T7_SERVICE_ORDER (SERVICE_ORDER_ID,BANK_ID,TERMINAL_ID,SERVICE_ORDER_CREATION_TIME,SERVICE_ORDER_RESOLUTION_TIME,FLM_COMMENTS,CALL_CENTER_COMMENTS,ENGINEER_COMMENTS,SERVICE_ORDER_STATUS) values ('SOID0095  ','NB3','T15',to_timestamp('26-NOV-16 07.10.09.000000000 AM','DD-MON-RR HH.MI.SSXFF AM'),to_timestamp('26-NOV-16 08.05.09.000000000 AM','DD-MON-RR HH.MI.SSXFF AM'),'SAMA ISSUE, FIXED TERMINAL THROUGH PHONE','POS-PRINTER PROBLEM                 ','ADAPTOR PROBLEM, FIXED AND TESTED OK','Closed');
Insert into T7_SERVICE_ORDER (SERVICE_ORDER_ID,BANK_ID,TERMINAL_ID,SERVICE_ORDER_CREATION_TIME,SERVICE_ORDER_RESOLUTION_TIME,FLM_COMMENTS,CALL_CENTER_COMMENTS,ENGINEER_COMMENTS,SERVICE_ORDER_STATUS) values ('SOID0096  ','NB4','T16',to_timestamp('27-NOV-16 08.10.09.000000000 AM','DD-MON-RR HH.MI.SSXFF AM'),to_timestamp('27-NOV-16 12.05.09.000000000 PM','DD-MON-RR HH.MI.SSXFF AM'),'FIXED THROUGH PHONE','POS-TERMINAL PROBLEM                 ',null,'Closed');
Insert into T7_SERVICE_ORDER (SERVICE_ORDER_ID,BANK_ID,TERMINAL_ID,SERVICE_ORDER_CREATION_TIME,SERVICE_ORDER_RESOLUTION_TIME,FLM_COMMENTS,CALL_CENTER_COMMENTS,ENGINEER_COMMENTS,SERVICE_ORDER_STATUS) values ('SOID0097  ','NB5','T17',to_timestamp('27-NOV-16 09.10.30.000000000 AM','DD-MON-RR HH.MI.SSXFF AM'),to_timestamp('27-NOV-16 11.45.09.000000000 AM','DD-MON-RR HH.MI.SSXFF AM'),'FIXED THROUGH PHONE','POS-TERMINAL PROBLEM                 ',null,'Closed');
Insert into T7_SERVICE_ORDER (SERVICE_ORDER_ID,BANK_ID,TERMINAL_ID,SERVICE_ORDER_CREATION_TIME,SERVICE_ORDER_RESOLUTION_TIME,FLM_COMMENTS,CALL_CENTER_COMMENTS,ENGINEER_COMMENTS,SERVICE_ORDER_STATUS) values ('SOID0098  ','AR4','T18',to_timestamp('27-NOV-16 10.11.05.000000000 AM','DD-MON-RR HH.MI.SSXFF AM'),to_timestamp('27-NOV-16 03.05.08.000000000 PM','DD-MON-RR HH.MI.SSXFF AM'),'CANNOT BE FIXED BY PHONE','POS-TERMINAL PROBLEM                 ','REPLACED TERMINAL AND TESTED OK','Closed');
Insert into T7_SERVICE_ORDER (SERVICE_ORDER_ID,BANK_ID,TERMINAL_ID,SERVICE_ORDER_CREATION_TIME,SERVICE_ORDER_RESOLUTION_TIME,FLM_COMMENTS,CALL_CENTER_COMMENTS,ENGINEER_COMMENTS,SERVICE_ORDER_STATUS) values ('SOID0099  ','AR5','T19',to_timestamp('27-NOV-16 05.05.09.000000000 PM','DD-MON-RR HH.MI.SSXFF AM'),to_timestamp('27-NOV-16 08.05.09.000000000 PM','DD-MON-RR HH.MI.SSXFF AM'),'FIXED THROUGH PHONE','POS-TERMINAL PROBLEM                 ',null,'Closed');
Insert into T7_SERVICE_ORDER (SERVICE_ORDER_ID,BANK_ID,TERMINAL_ID,SERVICE_ORDER_CREATION_TIME,SERVICE_ORDER_RESOLUTION_TIME,FLM_COMMENTS,CALL_CENTER_COMMENTS,ENGINEER_COMMENTS,SERVICE_ORDER_STATUS) values ('SOID0100  ','AR6','T20',to_timestamp('27-NOV-16 07.10.09.000000000 AM','DD-MON-RR HH.MI.SSXFF AM'),to_timestamp('27-NOV-16 08.05.09.000000000 AM','DD-MON-RR HH.MI.SSXFF AM'),'FIXED THROUGH PHONE','POS-TERMINAL PROBLEM                 ',null,'Closed');


--9
--CREATE
CREATE TABLE T7_SERVICE_ORDER_ASSIGNMENT(
SERVICE_ORDER_ID CHAR(10),
EMPLOYEE_ID NUMBER(10),
DEPARTMENT_ID CHAR(5),
CONSTRAINT t7_sa_id_pk PRIMARY KEY (SERVICE_ORDER_ID,EMPLOYEE_ID,DEPARTMENT_ID),
CONSTRAINT t7_sa_id_fk FOREIGN KEY (SERVICE_ORDER_ID) REFERENCES T7_SERVICE_ORDER (SERVICE_ORDER_ID),
CONSTRAINT t7_sa_emp_fk FOREIGN KEY (EMPLOYEE_ID) REFERENCES T7_EMPLOYEE (EMPLOYEE_ID),
CONSTRAINT t7_sa_dep_fk FOREIGN KEY (DEPARTMENT_ID) REFERENCES T7_DEPARTMENT(DEPARTMENT_ID)
);

--INSERT
Insert into T7_SERVICE_ORDER_ASSIGNMENT (SERVICE_ORDER_ID,EMPLOYEE_ID,DEPARTMENT_ID) values ('SOID0001  ',401388,'D1   ');
Insert into T7_SERVICE_ORDER_ASSIGNMENT (SERVICE_ORDER_ID,EMPLOYEE_ID,DEPARTMENT_ID) values ('SOID0002  ',401447,'D1   ');
Insert into T7_SERVICE_ORDER_ASSIGNMENT (SERVICE_ORDER_ID,EMPLOYEE_ID,DEPARTMENT_ID) values ('SOID0003  ',400832,'D1   ');
Insert into T7_SERVICE_ORDER_ASSIGNMENT (SERVICE_ORDER_ID,EMPLOYEE_ID,DEPARTMENT_ID) values ('SOID0004  ',400653,'D1   ');
Insert into T7_SERVICE_ORDER_ASSIGNMENT (SERVICE_ORDER_ID,EMPLOYEE_ID,DEPARTMENT_ID) values ('SOID0005  ',401262,'D2   ');
Insert into T7_SERVICE_ORDER_ASSIGNMENT (SERVICE_ORDER_ID,EMPLOYEE_ID,DEPARTMENT_ID) values ('SOID0006  ',400305,'D2   ');
Insert into T7_SERVICE_ORDER_ASSIGNMENT (SERVICE_ORDER_ID,EMPLOYEE_ID,DEPARTMENT_ID) values ('SOID0007  ',401260,'D2   ');
Insert into T7_SERVICE_ORDER_ASSIGNMENT (SERVICE_ORDER_ID,EMPLOYEE_ID,DEPARTMENT_ID) values ('SOID0008  ',401274,'D2   ');
Insert into T7_SERVICE_ORDER_ASSIGNMENT (SERVICE_ORDER_ID,EMPLOYEE_ID,DEPARTMENT_ID) values ('SOID0009  ',401341,'D3   ');
Insert into T7_SERVICE_ORDER_ASSIGNMENT (SERVICE_ORDER_ID,EMPLOYEE_ID,DEPARTMENT_ID) values ('SOID0010  ',401418,'D3   ');
Insert into T7_SERVICE_ORDER_ASSIGNMENT (SERVICE_ORDER_ID,EMPLOYEE_ID,DEPARTMENT_ID) values ('SOID0011  ',401462,'D3   ');
Insert into T7_SERVICE_ORDER_ASSIGNMENT (SERVICE_ORDER_ID,EMPLOYEE_ID,DEPARTMENT_ID) values ('SOID0012  ',401276,'D3   ');
Insert into T7_SERVICE_ORDER_ASSIGNMENT (SERVICE_ORDER_ID,EMPLOYEE_ID,DEPARTMENT_ID) values ('SOID0013  ',401313,'D3   ');
Insert into T7_SERVICE_ORDER_ASSIGNMENT (SERVICE_ORDER_ID,EMPLOYEE_ID,DEPARTMENT_ID) values ('SOID0014  ',400318,'D3   ');
Insert into T7_SERVICE_ORDER_ASSIGNMENT (SERVICE_ORDER_ID,EMPLOYEE_ID,DEPARTMENT_ID) values ('SOID0015  ',401395,'D4   ');
Insert into T7_SERVICE_ORDER_ASSIGNMENT (SERVICE_ORDER_ID,EMPLOYEE_ID,DEPARTMENT_ID) values ('SOID0016  ',401310,'D4   ');
Insert into T7_SERVICE_ORDER_ASSIGNMENT (SERVICE_ORDER_ID,EMPLOYEE_ID,DEPARTMENT_ID) values ('SOID0017  ',400606,'D4   ');
Insert into T7_SERVICE_ORDER_ASSIGNMENT (SERVICE_ORDER_ID,EMPLOYEE_ID,DEPARTMENT_ID) values ('SOID0018  ',401416,'D4   ');
Insert into T7_SERVICE_ORDER_ASSIGNMENT (SERVICE_ORDER_ID,EMPLOYEE_ID,DEPARTMENT_ID) values ('SOID0019  ',400508,'D4   ');
Insert into T7_SERVICE_ORDER_ASSIGNMENT (SERVICE_ORDER_ID,EMPLOYEE_ID,DEPARTMENT_ID) values ('SOID0020  ',401151,'D4   ');
Insert into T7_SERVICE_ORDER_ASSIGNMENT (SERVICE_ORDER_ID,EMPLOYEE_ID,DEPARTMENT_ID) values ('SOID0021  ',401489,'D4   ');
Insert into T7_SERVICE_ORDER_ASSIGNMENT (SERVICE_ORDER_ID,EMPLOYEE_ID,DEPARTMENT_ID) values ('SOID0022  ',401455,'D4   ');
Insert into T7_SERVICE_ORDER_ASSIGNMENT (SERVICE_ORDER_ID,EMPLOYEE_ID,DEPARTMENT_ID) values ('SOID0023  ',401111,'D4   ');
Insert into T7_SERVICE_ORDER_ASSIGNMENT (SERVICE_ORDER_ID,EMPLOYEE_ID,DEPARTMENT_ID) values ('SOID0024  ',401471,'D4   ');
Insert into T7_SERVICE_ORDER_ASSIGNMENT (SERVICE_ORDER_ID,EMPLOYEE_ID,DEPARTMENT_ID) values ('SOID0025  ',401420,'D4   ');
Insert into T7_SERVICE_ORDER_ASSIGNMENT (SERVICE_ORDER_ID,EMPLOYEE_ID,DEPARTMENT_ID) values ('SOID0026  ',400821,'D4   ');
Insert into T7_SERVICE_ORDER_ASSIGNMENT (SERVICE_ORDER_ID,EMPLOYEE_ID,DEPARTMENT_ID) values ('SOID0027  ',401388,'D1   ');
Insert into T7_SERVICE_ORDER_ASSIGNMENT (SERVICE_ORDER_ID,EMPLOYEE_ID,DEPARTMENT_ID) values ('SOID0028  ',401447,'D1   ');
Insert into T7_SERVICE_ORDER_ASSIGNMENT (SERVICE_ORDER_ID,EMPLOYEE_ID,DEPARTMENT_ID) values ('SOID0029  ',400832,'D1   ');
Insert into T7_SERVICE_ORDER_ASSIGNMENT (SERVICE_ORDER_ID,EMPLOYEE_ID,DEPARTMENT_ID) values ('SOID0030  ',400653,'D1   ');
Insert into T7_SERVICE_ORDER_ASSIGNMENT (SERVICE_ORDER_ID,EMPLOYEE_ID,DEPARTMENT_ID) values ('SOID0031  ',401262,'D2   ');
Insert into T7_SERVICE_ORDER_ASSIGNMENT (SERVICE_ORDER_ID,EMPLOYEE_ID,DEPARTMENT_ID) values ('SOID0032  ',400305,'D2   ');
Insert into T7_SERVICE_ORDER_ASSIGNMENT (SERVICE_ORDER_ID,EMPLOYEE_ID,DEPARTMENT_ID) values ('SOID0033  ',401260,'D2   ');
Insert into T7_SERVICE_ORDER_ASSIGNMENT (SERVICE_ORDER_ID,EMPLOYEE_ID,DEPARTMENT_ID) values ('SOID0034  ',401274,'D2   ');
Insert into T7_SERVICE_ORDER_ASSIGNMENT (SERVICE_ORDER_ID,EMPLOYEE_ID,DEPARTMENT_ID) values ('SOID0035  ',401341,'D3   ');
Insert into T7_SERVICE_ORDER_ASSIGNMENT (SERVICE_ORDER_ID,EMPLOYEE_ID,DEPARTMENT_ID) values ('SOID0036  ',401418,'D3   ');
Insert into T7_SERVICE_ORDER_ASSIGNMENT (SERVICE_ORDER_ID,EMPLOYEE_ID,DEPARTMENT_ID) values ('SOID0037  ',401462,'D3   ');
Insert into T7_SERVICE_ORDER_ASSIGNMENT (SERVICE_ORDER_ID,EMPLOYEE_ID,DEPARTMENT_ID) values ('SOID0038  ',401276,'D3   ');
Insert into T7_SERVICE_ORDER_ASSIGNMENT (SERVICE_ORDER_ID,EMPLOYEE_ID,DEPARTMENT_ID) values ('SOID0039  ',401313,'D3   ');
Insert into T7_SERVICE_ORDER_ASSIGNMENT (SERVICE_ORDER_ID,EMPLOYEE_ID,DEPARTMENT_ID) values ('SOID0040  ',400318,'D3   ');
Insert into T7_SERVICE_ORDER_ASSIGNMENT (SERVICE_ORDER_ID,EMPLOYEE_ID,DEPARTMENT_ID) values ('SOID0041  ',401395,'D4   ');
Insert into T7_SERVICE_ORDER_ASSIGNMENT (SERVICE_ORDER_ID,EMPLOYEE_ID,DEPARTMENT_ID) values ('SOID0042  ',401310,'D4   ');
Insert into T7_SERVICE_ORDER_ASSIGNMENT (SERVICE_ORDER_ID,EMPLOYEE_ID,DEPARTMENT_ID) values ('SOID0043  ',400606,'D4   ');
Insert into T7_SERVICE_ORDER_ASSIGNMENT (SERVICE_ORDER_ID,EMPLOYEE_ID,DEPARTMENT_ID) values ('SOID0044  ',401416,'D4   ');
Insert into T7_SERVICE_ORDER_ASSIGNMENT (SERVICE_ORDER_ID,EMPLOYEE_ID,DEPARTMENT_ID) values ('SOID0045  ',400508,'D4   ');
Insert into T7_SERVICE_ORDER_ASSIGNMENT (SERVICE_ORDER_ID,EMPLOYEE_ID,DEPARTMENT_ID) values ('SOID0046  ',401151,'D4   ');
Insert into T7_SERVICE_ORDER_ASSIGNMENT (SERVICE_ORDER_ID,EMPLOYEE_ID,DEPARTMENT_ID) values ('SOID0047  ',401489,'D4   ');
Insert into T7_SERVICE_ORDER_ASSIGNMENT (SERVICE_ORDER_ID,EMPLOYEE_ID,DEPARTMENT_ID) values ('SOID0048  ',401455,'D4   ');
Insert into T7_SERVICE_ORDER_ASSIGNMENT (SERVICE_ORDER_ID,EMPLOYEE_ID,DEPARTMENT_ID) values ('SOID0049  ',401111,'D4   ');
Insert into T7_SERVICE_ORDER_ASSIGNMENT (SERVICE_ORDER_ID,EMPLOYEE_ID,DEPARTMENT_ID) values ('SOID0050  ',401471,'D4   ');
Insert into T7_SERVICE_ORDER_ASSIGNMENT (SERVICE_ORDER_ID,EMPLOYEE_ID,DEPARTMENT_ID) values ('SOID0051  ',401420,'D4   ');
Insert into T7_SERVICE_ORDER_ASSIGNMENT (SERVICE_ORDER_ID,EMPLOYEE_ID,DEPARTMENT_ID) values ('SOID0052  ',400821,'D4   ');
Insert into T7_SERVICE_ORDER_ASSIGNMENT (SERVICE_ORDER_ID,EMPLOYEE_ID,DEPARTMENT_ID) values ('SOID0053  ',401388,'D1   ');
Insert into T7_SERVICE_ORDER_ASSIGNMENT (SERVICE_ORDER_ID,EMPLOYEE_ID,DEPARTMENT_ID) values ('SOID0054  ',401447,'D1   ');
Insert into T7_SERVICE_ORDER_ASSIGNMENT (SERVICE_ORDER_ID,EMPLOYEE_ID,DEPARTMENT_ID) values ('SOID0055  ',400832,'D1   ');
Insert into T7_SERVICE_ORDER_ASSIGNMENT (SERVICE_ORDER_ID,EMPLOYEE_ID,DEPARTMENT_ID) values ('SOID0056  ',400653,'D1   ');
Insert into T7_SERVICE_ORDER_ASSIGNMENT (SERVICE_ORDER_ID,EMPLOYEE_ID,DEPARTMENT_ID) values ('SOID0057  ',401262,'D2   ');
Insert into T7_SERVICE_ORDER_ASSIGNMENT (SERVICE_ORDER_ID,EMPLOYEE_ID,DEPARTMENT_ID) values ('SOID0058  ',400305,'D2   ');
Insert into T7_SERVICE_ORDER_ASSIGNMENT (SERVICE_ORDER_ID,EMPLOYEE_ID,DEPARTMENT_ID) values ('SOID0059  ',401260,'D2   ');
Insert into T7_SERVICE_ORDER_ASSIGNMENT (SERVICE_ORDER_ID,EMPLOYEE_ID,DEPARTMENT_ID) values ('SOID0060  ',401274,'D2   ');
Insert into T7_SERVICE_ORDER_ASSIGNMENT (SERVICE_ORDER_ID,EMPLOYEE_ID,DEPARTMENT_ID) values ('SOID0061  ',401341,'D3   ');
Insert into T7_SERVICE_ORDER_ASSIGNMENT (SERVICE_ORDER_ID,EMPLOYEE_ID,DEPARTMENT_ID) values ('SOID0062  ',401418,'D3   ');
Insert into T7_SERVICE_ORDER_ASSIGNMENT (SERVICE_ORDER_ID,EMPLOYEE_ID,DEPARTMENT_ID) values ('SOID0063  ',401462,'D3   ');
Insert into T7_SERVICE_ORDER_ASSIGNMENT (SERVICE_ORDER_ID,EMPLOYEE_ID,DEPARTMENT_ID) values ('SOID0064  ',401276,'D3   ');
Insert into T7_SERVICE_ORDER_ASSIGNMENT (SERVICE_ORDER_ID,EMPLOYEE_ID,DEPARTMENT_ID) values ('SOID0065  ',401313,'D3   ');
Insert into T7_SERVICE_ORDER_ASSIGNMENT (SERVICE_ORDER_ID,EMPLOYEE_ID,DEPARTMENT_ID) values ('SOID0066  ',400318,'D3   ');
Insert into T7_SERVICE_ORDER_ASSIGNMENT (SERVICE_ORDER_ID,EMPLOYEE_ID,DEPARTMENT_ID) values ('SOID0067  ',401395,'D4   ');
Insert into T7_SERVICE_ORDER_ASSIGNMENT (SERVICE_ORDER_ID,EMPLOYEE_ID,DEPARTMENT_ID) values ('SOID0068  ',401310,'D4   ');
Insert into T7_SERVICE_ORDER_ASSIGNMENT (SERVICE_ORDER_ID,EMPLOYEE_ID,DEPARTMENT_ID) values ('SOID0069  ',400606,'D4   ');
Insert into T7_SERVICE_ORDER_ASSIGNMENT (SERVICE_ORDER_ID,EMPLOYEE_ID,DEPARTMENT_ID) values ('SOID0070  ',401416,'D4   ');
Insert into T7_SERVICE_ORDER_ASSIGNMENT (SERVICE_ORDER_ID,EMPLOYEE_ID,DEPARTMENT_ID) values ('SOID0071  ',400508,'D4   ');
Insert into T7_SERVICE_ORDER_ASSIGNMENT (SERVICE_ORDER_ID,EMPLOYEE_ID,DEPARTMENT_ID) values ('SOID0072  ',401151,'D4   ');
Insert into T7_SERVICE_ORDER_ASSIGNMENT (SERVICE_ORDER_ID,EMPLOYEE_ID,DEPARTMENT_ID) values ('SOID0073  ',401489,'D4   ');
Insert into T7_SERVICE_ORDER_ASSIGNMENT (SERVICE_ORDER_ID,EMPLOYEE_ID,DEPARTMENT_ID) values ('SOID0074  ',401455,'D4   ');
Insert into T7_SERVICE_ORDER_ASSIGNMENT (SERVICE_ORDER_ID,EMPLOYEE_ID,DEPARTMENT_ID) values ('SOID0075  ',401111,'D4   ');
Insert into T7_SERVICE_ORDER_ASSIGNMENT (SERVICE_ORDER_ID,EMPLOYEE_ID,DEPARTMENT_ID) values ('SOID0076  ',401471,'D4   ');
Insert into T7_SERVICE_ORDER_ASSIGNMENT (SERVICE_ORDER_ID,EMPLOYEE_ID,DEPARTMENT_ID) values ('SOID0077  ',401420,'D4   ');
Insert into T7_SERVICE_ORDER_ASSIGNMENT (SERVICE_ORDER_ID,EMPLOYEE_ID,DEPARTMENT_ID) values ('SOID0078  ',400821,'D4   ');
Insert into T7_SERVICE_ORDER_ASSIGNMENT (SERVICE_ORDER_ID,EMPLOYEE_ID,DEPARTMENT_ID) values ('SOID0079  ',401388,'D1   ');
Insert into T7_SERVICE_ORDER_ASSIGNMENT (SERVICE_ORDER_ID,EMPLOYEE_ID,DEPARTMENT_ID) values ('SOID0080  ',401447,'D1   ');
Insert into T7_SERVICE_ORDER_ASSIGNMENT (SERVICE_ORDER_ID,EMPLOYEE_ID,DEPARTMENT_ID) values ('SOID0081  ',400832,'D1   ');
Insert into T7_SERVICE_ORDER_ASSIGNMENT (SERVICE_ORDER_ID,EMPLOYEE_ID,DEPARTMENT_ID) values ('SOID0082  ',400653,'D1   ');
Insert into T7_SERVICE_ORDER_ASSIGNMENT (SERVICE_ORDER_ID,EMPLOYEE_ID,DEPARTMENT_ID) values ('SOID0083  ',401262,'D2   ');
Insert into T7_SERVICE_ORDER_ASSIGNMENT (SERVICE_ORDER_ID,EMPLOYEE_ID,DEPARTMENT_ID) values ('SOID0084  ',400305,'D2   ');
Insert into T7_SERVICE_ORDER_ASSIGNMENT (SERVICE_ORDER_ID,EMPLOYEE_ID,DEPARTMENT_ID) values ('SOID0085  ',401260,'D2   ');
Insert into T7_SERVICE_ORDER_ASSIGNMENT (SERVICE_ORDER_ID,EMPLOYEE_ID,DEPARTMENT_ID) values ('SOID0086  ',401274,'D2   ');
Insert into T7_SERVICE_ORDER_ASSIGNMENT (SERVICE_ORDER_ID,EMPLOYEE_ID,DEPARTMENT_ID) values ('SOID0087  ',401341,'D3   ');
Insert into T7_SERVICE_ORDER_ASSIGNMENT (SERVICE_ORDER_ID,EMPLOYEE_ID,DEPARTMENT_ID) values ('SOID0088  ',401418,'D3   ');
Insert into T7_SERVICE_ORDER_ASSIGNMENT (SERVICE_ORDER_ID,EMPLOYEE_ID,DEPARTMENT_ID) values ('SOID0089  ',401462,'D3   ');
Insert into T7_SERVICE_ORDER_ASSIGNMENT (SERVICE_ORDER_ID,EMPLOYEE_ID,DEPARTMENT_ID) values ('SOID0090  ',401276,'D3   ');
Insert into T7_SERVICE_ORDER_ASSIGNMENT (SERVICE_ORDER_ID,EMPLOYEE_ID,DEPARTMENT_ID) values ('SOID0091  ',401313,'D3   ');
Insert into T7_SERVICE_ORDER_ASSIGNMENT (SERVICE_ORDER_ID,EMPLOYEE_ID,DEPARTMENT_ID) values ('SOID0092  ',400318,'D3   ');
Insert into T7_SERVICE_ORDER_ASSIGNMENT (SERVICE_ORDER_ID,EMPLOYEE_ID,DEPARTMENT_ID) values ('SOID0093  ',401395,'D4   ');
Insert into T7_SERVICE_ORDER_ASSIGNMENT (SERVICE_ORDER_ID,EMPLOYEE_ID,DEPARTMENT_ID) values ('SOID0094  ',401310,'D4   ');
Insert into T7_SERVICE_ORDER_ASSIGNMENT (SERVICE_ORDER_ID,EMPLOYEE_ID,DEPARTMENT_ID) values ('SOID0095  ',400606,'D4   ');
Insert into T7_SERVICE_ORDER_ASSIGNMENT (SERVICE_ORDER_ID,EMPLOYEE_ID,DEPARTMENT_ID) values ('SOID0096  ',401416,'D4   ');
Insert into T7_SERVICE_ORDER_ASSIGNMENT (SERVICE_ORDER_ID,EMPLOYEE_ID,DEPARTMENT_ID) values ('SOID0097  ',400508,'D4   ');
Insert into T7_SERVICE_ORDER_ASSIGNMENT (SERVICE_ORDER_ID,EMPLOYEE_ID,DEPARTMENT_ID) values ('SOID0098  ',401151,'D4   ');
Insert into T7_SERVICE_ORDER_ASSIGNMENT (SERVICE_ORDER_ID,EMPLOYEE_ID,DEPARTMENT_ID) values ('SOID0099  ',401489,'D4   ');
Insert into T7_SERVICE_ORDER_ASSIGNMENT (SERVICE_ORDER_ID,EMPLOYEE_ID,DEPARTMENT_ID) values ('SOID0100  ',401455,'D4   ');


